SALE TYPE,SOLD DATE,PROPERTY TYPE,ADDRESS,CITY,STATE OR PROVINCE,ZIP OR POSTAL CODE,PRICE,BEDS,BATHS,LOCATION,SQUARE FEET,LOT SIZE,YEAR BUILT,DAYS ON MARKET,$/SQUARE FEET,HOA/MONTH,STATUS,NEXT OPEN HOUSE START TIME,NEXT OPEN HOUSE END TIME,URL (SEE http://www.redfin.com/buy-a-home/comparative-market-analysis FOR INFO ON PRICING),SOURCE,MLS#,FAVORITE,INTERESTED,LATITUDE,LONGITUDE
PAST SALE,September-2-2021,Single Family Residential,167 Birge Park Rd,Harwinton,CT,06791,360000,3,2.0,Harwinton,2750,217800,1981,46,131,,Sold,,,http://www.redfin.com/CT/Harwinton/167-Birge-Park-Rd-06791/home/107253956,Smart MLS,170412621,N,Y,41.7816835,-73.0691708
PAST SALE,June-14-2021,Single Family Residential,47 Woolson St,Watertown,CT,06795,200850,2,1.0,Taft School,1470,23522,1935,126,137,,Sold,,,http://www.redfin.com/CT/Watertown/47-Woolson-St-06795/home/107311973,Smart MLS,170383581,N,Y,41.6105549,-73.1209226
PAST SALE,April-30-2020,Single Family Residential,6 Cedar Vale Dr,New Milford,CT,06776,480000,4,2.5,New Milford,3716,70567,2004,536,129,,Sold,,,http://www.redfin.com/CT/New-Milford/6-Cedar-Vale-Dr-06776/home/107724711,Smart MLS,170237963,N,Y,41.5151401,-73.4069133
PAST SALE,September-30-2021,Single Family Residential,164 Pond View Dr,Watertown,CT,06795,456000,3,2.5,Pond View Estate,2150,15245,1998,18,212,,Sold,,,http://www.redfin.com/CT/Watertown/164-Pond-View-Dr-06795/home/107313629,Smart MLS,170429726,N,Y,41.5870942,-73.1081516
PAST SALE,October-29-2018,Single Family Residential,9 Birchwood Ln,Woodbury,CT,06798,550000,4,4.0,Woodbury,4011,121096,2005,1085,137,,Sold,,,http://www.redfin.com/CT/Woodbury/9-Birchwood-Ln-06798/home/107119719,Smart MLS,170105086,N,Y,41.5189942,-73.239054
PAST SALE,August-30-2017,Single Family Residential,101 Oakdale Ave,Winchester,CT,06098,159900,3,2.0,Winsted,1896,42253,1984,1510,84,,Sold,,,http://www.redfin.com/CT/Winsted/101-Oakdale-Ave-06098/home/107607237,Smart MLS,L10184929,N,Y,41.9187064,-73.0497745
PAST SALE,November-13-2017,Single Family Residential,146 Gilbert Ave,Winchester,CT,06098,126000,3,1.5,Winsted,1056,12196,1993,1435,119,,Sold,,,http://www.redfin.com/CT/Winsted/146-Gilbert-Ave-06098/home/107324069,Smart MLS,L10222311,N,Y,41.9240264,-73.0574442
PAST SALE,April-20-2017,Single Family Residential,194 Dugway Rd,Salisbury,CT,06068,475000,4,2.0,Salisbury,1788,126324,1820,1642,266,,Sold,,,http://www.redfin.com/CT/Falls-Village/194-Dugway-Rd-06031/home/107173478,Smart MLS,L10180923,N,Y,41.9531429,-73.3710817
PAST SALE,December-20-2017,Single Family Residential,32 Upper Kent Hollow Rd,Kent,CT,06757,520000,4,2.0,Kent,2040,1201384,1920,1398,255,,Sold,,,http://www.redfin.com/CT/Kent/32-Upper-Kent-Hollow-Rd-06757/home/109754214,Smart MLS,99186990,N,Y,41.7202154,-73.4055679
PAST SALE,July-24-2017,Condo/Co-op,111 Riverton Rd #13,Winchester,CT,06098,75000,2,1.5,Winsted,1204,,1987,1547,62,245,Sold,,,http://www.redfin.com/CT/Winsted/111-Riverton-Rd-06098/unit-13/home/107609241,Smart MLS,L10215518,N,Y,41.9481857,-73.0471458
PAST SALE,,Condo/Co-op,5 Hawthorne Ct,Litchfield,CT,06759,209500,2,3.5,,1644,,1984,,127,,,,,http://www.redfin.com/CT/Litchfield/5-Hawthorne-Ct-06759/home/107164473,,,N,Y,41.7466869,-73.2056922
PAST SALE,,Single Family Residential,72 Hart Dr,Litchfield,CT,06759,190000,2,1.0,,1395,17424,1954,,136,,,,,http://www.redfin.com/CT/Litchfield/72-Hart-Dr-06759/home/107167764,,,N,Y,41.7820481,-73.1514523
PAST SALE,October-31-2017,Multi-Family (2-4 Unit),28 Jardon St,Torrington,CT,06790,113000,4,2.0,Torrington,2129,13068,1917,1448,53,,Sold,,,http://www.redfin.com/CT/Torrington/28-Jardon-St-06790/home/107292540,Smart MLS,L10210002,N,Y,41.816483,-73.127315
PAST SALE,March-24-2017,Single Family Residential,2 Knollwood Dr,New Hartford,CT,06057,317000,4,2.5,New Hartford,2754,158122,1995,1669,115,,Sold,,,http://www.redfin.com/CT/New-Hartford/2-Knollwood-Dr-06057/home/107320986,Smart MLS,G10190049,N,Y,41.8130301,-73.066764
PAST SALE,January-25-2018,Multi-Family (2-4 Unit),144 Wetmore Ave,Winchester,CT,06098,50000,5,3.0,Winchester,1850,9147,1880,1362,27,,Sold,,,http://www.redfin.com/CT/Winsted/144-Wetmore-Ave-06098/home/107323353,Smart MLS,170038815,N,Y,41.9251146,-73.0602186
PAST SALE,June-23-2017,Single Family Residential,14 Bonvicini Dr,Torrington,CT,06790,110100,1,1.5,Torrington,1344,20908,1993,1578,82,,Sold,,,http://www.redfin.com/CT/Torrington/14-Bonvicini-Dr-06790/home/107287346,Smart MLS,P10214831,N,Y,41.8242913,-73.0912333
PAST SALE,October-16-2017,Multi-Family (2-4 Unit),39 Pine St,Torrington,CT,06790,39000,5,3.0,Torrington,2077,5227,1910,1463,19,,Sold,,,http://www.redfin.com/CT/Torrington/39-Pine-St-06790/home/148646247,Smart MLS,170006132,N,Y,41.8139527,-73.1314764
PAST SALE,August-10-2017,Single Family Residential,720 W Wakefield Blvd,Winchester,CT,06098,245000,2,1.0,Winsted,1124,9583,1913,1530,218,,Sold,,,http://www.redfin.com/CT/Winsted/720-W-Wakefield-Blvd-06098/home/107607927,Smart MLS,P10205462,N,Y,41.8964202,-73.0965697
PAST SALE,June-2-2017,Single Family Residential,24 Tarlton St,Torrington,CT,06790,129000,3,1.5,Torrington,1616,4791,1925,1599,80,,Sold,,,http://www.redfin.com/CT/Torrington/24-Tarlton-St-06790/home/107293616,Smart MLS,L10195323,N,Y,41.8194857,-73.1205883
PAST SALE,January-9-2018,Single Family Residential,4 Rossi Rd,Torrington,CT,06790,158000,3,1.0,Torrington,1333,28749,1949,1378,119,,Sold,,,http://www.redfin.com/CT/Torrington/4-Rossi-Rd-06790/home/107292520,Smart MLS,170004953,N,Y,41.8003953,-73.1692335
PAST SALE,June-5-2017,Single Family Residential,51 Lenor Dr,Harwinton,CT,06791,260000,3,2.5,Harwinton,1456,91476,1978,1596,179,,Sold,,,http://www.redfin.com/CT/Harwinton/51-Lenor-Dr-06791/home/107253471,Smart MLS,G10182424,N,Y,41.7911199,-73.0537619
PAST SALE,,Condo/Co-op,91 Quarry Ridge Rd,New Preston,CT,06777,369000,2,2.0,,2220,,1995,,166,,,,,http://www.redfin.com/CT/New-Preston/91-Quarry-Ridge-Rd-06777/home/107171322,,,N,Y,41.664751,-73.3633141
PAST SALE,December-22-2017,Single Family Residential,19 Center St,Thomaston,CT,06787,70000,3,1.5,Thomaston,1126,4356,1890,1396,62,,Sold,,,http://www.redfin.com/CT/Thomaston/19-Center-St-06787/home/107270784,Smart MLS,170011694,N,Y,41.6712975,-73.0765671
PAST SALE,October-6-2017,Single Family Residential,7 Bantam Lake Hts,Morris,CT,06763,730000,3,3.5,Morris,2675,23958,1987,1473,273,,Sold,,,http://www.redfin.com/CT/Morris/7-Bantam-Lake-Hts-06763/home/107306506,Smart MLS,W10220727,N,Y,41.6967207,-73.233801
PAST SALE,,Single Family Residential,2 Field St,Terryville,CT,06786,235000,3,2.5,,1707,19602,2005,,138,,,,,http://www.redfin.com/CT/Terryville/2-Field-St-06786/home/107244968,,,N,Y,41.672704,-73.001113
PAST SALE,December-18-2017,Single Family Residential,111 N Main St,Plymouth,CT,06786,243900,4,3.0,Terryville,2786,25700,1956,1400,88,,Sold,,,http://www.redfin.com/CT/Terryville/111-N-Main-St-06786/home/107246103,Smart MLS,170000643,N,Y,41.6848499,-73.0052575
PAST SALE,March-24-2017,Single Family Residential,59 Lakeside Dr,Plymouth,CT,06782,186600,2,2.0,Plymouth,1216,5662,1986,1669,153,,Sold,,,http://www.redfin.com/CT/Plymouth/59-Lakeside-Dr-06782/home/107246590,Smart MLS,W10161479,N,Y,41.6537138,-73.0514347
PAST SALE,November-22-2017,Single Family Residential,5 Lassy Rd,Plymouth,CT,06786,270000,3,2.0,Plymouth,2424,103672,1994,1426,111,,Sold,,,http://www.redfin.com/CT/Terryville/5-Lassy-Rd-06786/home/107247387,Smart MLS,G10214692,N,Y,41.7021651,-73.0060357
PAST SALE,May-19-2017,Single Family Residential,118 Lake Plymouth Blvd,Plymouth,CT,06782,115000,2,1.0,Terryville,1532,4791,1935,1613,75,208,Sold,,,http://www.redfin.com/CT/Plymouth/118-Lake-Plymouth-Blvd-06782/home/107248588,Smart MLS,99166720,N,Y,41.6528346,-73.0465384
PAST SALE,January-26-2018,Single Family Residential,425 High Street Ext,Thomaston,CT,06787,165000,2,1.0,Thomaston,1033,30927,1955,1361,160,,Sold,,,http://www.redfin.com/CT/Thomaston/425-High-Street-Ext-06787/home/107269610,Smart MLS,170034640,N,Y,41.6846735,-73.0796566
PAST SALE,September-5-2017,Condo/Co-op,126 Sherman Hill Rd Unit B4,Woodbury,CT,06798,115000,2,1.0,Woodbury,1150,,1967,1504,100,485,Sold,,,http://www.redfin.com/CT/Woodbury/126-Sherman-Hill-Rd-06798/unit-B4/home/107121735,Smart MLS,L10210013,N,Y,41.532084,-73.194317
PAST SALE,January-3-2018,Single Family Residential,139 Clay St,Thomaston,CT,06787,130000,2,1.0,Thomaston,1040,13939,1952,1384,125,,Sold,,,http://www.redfin.com/CT/Thomaston/139-Clay-St-06787/home/107270779,Smart MLS,170003869,N,Y,41.6760533,-73.0770974
PAST SALE,July-31-2017,Condo/Co-op,117 Mill Ln #117,Torrington,CT,06790,115000,3,3.0,Torrington,1814,,1995,1540,63,300,Sold,,,http://www.redfin.com/CT/Torrington/117-Mill-Ln-06790/unit-117/home/144512365,Smart MLS,L10156382,N,Y,41.8312303,-73.1501018
PAST SALE,May-26-2017,Condo/Co-op,156 Silver Fox Ln #156,Torrington,CT,06790,252000,2,2.0,Torrington,1785,,2006,1606,141,165,Sold,,,http://www.redfin.com/CT/Torrington/156-Silver-Fox-Ln-06790/unit-156/home/144523518,Smart MLS,P10209868,N,Y,41.8283096,-73.0846084
PAST SALE,June-19-2017,Multi-Family (2-4 Unit),196 Echo Lake Rd,Watertown,CT,06795,140000,4,,Watertown,2298,16117,1890,1582,61,,Sold,,,http://www.redfin.com/CT/Watertown/196-Echo-Lake-Rd-06795/home/107307829,Smart MLS,G10207146,N,Y,41.6038158,-73.1098142
PAST SALE,November-6-2017,Single Family Residential,LOT 21 SUNNYSIDE Ave,Watertown,CT,06795,340000,3,2.5,Oakville,2012,33105,2017,1442,169,,Sold,,,http://www.redfin.com/CT/Watertown/LOT-21-SUNNYSIDE-Ave-06795/home/144533645,Smart MLS,W10225254,N,Y,41.592869,-73.070283
PAST SALE,June-1-2017,Condo/Co-op,66 Prospect St #3,Watertown,CT,06779,219900,2,2.5,Oakville,1400,,2017,1600,157,,Sold,,,http://www.redfin.com/CT/Watertown/66-Prospect-St-06779/unit-3/home/144536251,Smart MLS,W10203772,N,Y,41.5844326,-73.0914493
PAST SALE,,Single Family Residential,316 Amenia Union Rd,Sharon,CT,06069,,3,2.0,,1808,114998,1863,,,,Sold,,,http://www.redfin.com/CT/Sharon/316-Amenia-Union-Rd-06069/home/107177075,Smart MLS,,N,Y,41.8228295,-73.5046992
PAST SALE,,Single Family Residential,30 Maple View Trl,Litchfield,CT,06759,235000,4,3.5,,2987,1089000,2018,,79,,,,,http://www.redfin.com/CT/Litchfield/30-Maple-View-Trl-06759/home/109713272,,,N,Y,41.781941,-73.250559
PAST SALE,November-2-2017,Single Family Residential,17 Curtiss Rd,Woodbury,CT,06798,400000,3,3.0,Woodbury,2103,78408,1900,1446,190,,Sold,,,http://www.redfin.com/CT/Woodbury/17-Curtiss-Rd-06798/home/107123038,Smart MLS,W10222563,N,Y,41.5132872,-73.2037086
PAST SALE,July-17-2017,Condo/Co-op,48 Candlewood Lake Rd S #1,New Milford,CT,06776,97500,2,1.0,New Milford,1090,,1968,1554,89,399,Sold,,,http://www.redfin.com/CT/New-Milford/48-Candlewood-Lake-Rd-S-06776/unit-1/home/107701103,Smart MLS,99185745,N,Y,41.522692,-73.426473
PAST SALE,September-29-2017,Single Family Residential,144 Prospect St,Litchfield,CT,06759,650000,5,6.0,Litchfield,3510,44431,1955,1480,185,,Sold,,,http://www.redfin.com/CT/Litchfield/144-Prospect-St-06759/home/107164881,Smart MLS,L142945,N,Y,41.7535963,-73.1992495
PAST SALE,,Condo/Co-op,19 Litchfield Ponds Dr,Litchfield,CT,06759,190000,3,2.0,,1623,,1988,,117,,,,,http://www.redfin.com/CT/Litchfield/19-Litchfield-Ponds-Dr-06759/home/107168228,,,N,Y,41.7484909,-73.2084322
PAST SALE,July-14-2017,Single Family Residential,339 Winding Brook Farm Rd,Watertown,CT,06795,440000,4,2.5,Watertown,2596,62726,1989,1557,169,,Sold,,,http://www.redfin.com/CT/Watertown/339-Winding-Brook-Farm-Rd-06795/home/107308659,Smart MLS,L10224210,N,Y,41.6084199,-73.1548519
PAST SALE,,Single Family Residential,30 Hickory Ln,Watertown,CT,06795,275000,3,1.5,,1721,46609,1952,,160,,,,,http://www.redfin.com/CT/Watertown/30-Hickory-Ln-06795/home/107311474,,,N,Y,41.6164344,-73.1316289
PAST SALE,September-8-2017,Single Family Residential,103 Great Brook Rd,New Milford,CT,06776,265000,4,2.0,New Milford,2000,40075,1978,1501,133,,Sold,,,http://www.redfin.com/CT/New-Milford/103-Great-Brook-Rd-06776/home/107710795,Smart MLS,99193048,N,Y,41.5980256,-73.3887138
PAST SALE,,Single Family Residential,955 Washington Rd,Woodbury,CT,06798,375000,5,1.5,,2158,599821,1920,,174,,,,,http://www.redfin.com/CT/Woodbury/955-Washington-Rd-06798/home/109703589,,,N,Y,41.5963947,-73.2628196
PAST SALE,July-31-2017,Single Family Residential,5 Park Ln W,New Milford,CT,06776,228000,4,2.0,New Milford,1728,15245,1950,1540,132,,Sold,,,http://www.redfin.com/CT/New-Milford/5-Park-Ln-W-06776/home/107692310,Smart MLS,99152998,N,Y,41.5952087,-73.4078289
PAST SALE,September-15-2017,Single Family Residential,3 Halletts Rd,New Milford,CT,06776,252000,3,2.0,New Milford,1463,60112,1800,1494,172,,Sold,,,http://www.redfin.com/CT/New-Milford/3-Halletts-Rd-06776/home/107711717,Smart MLS,99185670,N,Y,41.5813863,-73.3703353
PAST SALE,December-2-2016,Single Family Residential,87 Lakeshore Dr,New Hartford,CT,06057,265000,4,3.0,New Hartford,2332,43560,1970,1781,114,21,Sold,,,http://www.redfin.com/CT/New-Hartford/87-Lakeshore-Dr-06057/home/107320209,Smart MLS,G10175308,N,Y,41.8816487,-73.0179513
PAST SALE,May-8-2017,Single Family Residential,483 High Street Ext,Thomaston,CT,06787,237000,3,2.5,Highwood Farms,1628,27442,2002,1624,146,,Sold,,,http://www.redfin.com/CT/Thomaston/483-High-Street-Ext-06787/home/107271357,Smart MLS,G10197192,N,Y,41.6859929,-73.0809362
PAST SALE,April-4-2017,Single Family Residential,130 Dalton St,Watertown,CT,06779,120000,3,1.0,Oakville,947,7840,1930,1658,127,,Sold,,,http://www.redfin.com/CT/Oakville/130-Dalton-St-06779/home/107314316,Smart MLS,W10199631,N,Y,41.5973607,-73.0882331
PAST SALE,January-18-2018,Single Family Residential,28 Lake Dr,Bethlehem,CT,06751,245000,3,1.0,Bethlehem,720,13068,1970,1369,340,,Sold,,,http://www.redfin.com/CT/Bethlehem/28-Lake-Dr-06751/home/107242363,Smart MLS,170004961,N,Y,41.6508603,-73.2090499
PAST SALE,May-25-2017,Single Family Residential,24 Ronald Rd,Plymouth,CT,06786,95000,3,1.5,Terryville,912,13068,1966,1607,104,,Sold,,,http://www.redfin.com/CT/Terryville/24-Ronald-Rd-06786/home/107248655,Smart MLS,P10188685,N,Y,41.6730193,-73.0043421
PAST SALE,June-1-2017,Condo/Co-op,436 Evergreen Rd #436,Torrington,CT,06790,72000,3,2.5,Torrington,1584,,1975,1600,45,674,Sold,,,http://www.redfin.com/CT/Torrington/436-Evergreen-Rd-06790/unit-436/home/144523520,Smart MLS,L10209871,N,Y,41.8730977,-73.1062873
PAST SALE,October-20-2017,Single Family Residential,77 Pierce Ln,Cornwall,CT,06796,435000,2,2.0,West Cornwall,1949,243935,1954,1459,223,,Sold,,,http://www.redfin.com/CT/West-Cornwall/77-Pierce-Ln-06796/home/107275482,Smart MLS,99159809,N,Y,41.8525069,-73.3441567
PAST SALE,December-20-2017,Single Family Residential,14 Essex Ln,Woodbury,CT,06798,395000,4,3.5,Woodbury,3313,60983,1985,1398,119,,Sold,,,http://www.redfin.com/CT/Woodbury/14-Essex-Ln-06798/home/107119631,Smart MLS,W10221464,N,Y,41.5554229,-73.2419915
PAST SALE,September-28-2017,Single Family Residential,141 Middlebury Rd,Watertown,CT,06795,182000,2,2.0,Watertown,1014,17424,1955,1481,179,,Sold,,,http://www.redfin.com/CT/Watertown/141-Middlebury-Rd-06795/home/107310908,Smart MLS,G10232591,N,Y,41.5988796,-73.122444
PAST SALE,September-15-2017,Single Family Residential,69 Reservoir Rd,New Milford,CT,06776,380500,4,2.5,Fieldstone Estate II,2804,43560,2005,1494,136,,Sold,,,http://www.redfin.com/CT/New-Milford/69-Reservoir-Rd-06776/home/107700716,Smart MLS,99181155,N,Y,41.5896709,-73.3794581
PAST SALE,July-13-2017,Single Family Residential,28 N Lakeside Dr,Plymouth,CT,06786,52500,2,2.0,Plymouth,942,,1985,1558,56,467,Sold,,,http://www.redfin.com/CT/Terryville/28-N-Lakeside-Dr-06786/home/107247828,Smart MLS,L10206816,N,Y,41.6838178,-73.0284135
PAST SALE,November-27-2017,Single Family Residential,51 Jan Ct,Plymouth,CT,06786,282000,3,3.0,Terryville,1752,91476,2000,1421,161,,Sold,,,http://www.redfin.com/CT/Terryville/51-Jan-Ct-06786/home/107250389,Smart MLS,G10239133,N,Y,41.6740274,-73.0146707
PAST SALE,November-30-2017,Single Family Residential,361 Marsh Rd,Litchfield,CT,06778,180000,3,1.0,Northfield,1140,19166,1973,1418,158,,Sold,,,http://www.redfin.com/CT/Northfield/361-Marsh-Rd-06778/home/107167514,Smart MLS,L10232003,N,Y,41.7271404,-73.1057894
PAST SALE,March-23-2017,Condo/Co-op,14 Riveredge Dr #14,Winchester,CT,06098,55000,2,1.5,Winsted,992,,1986,1670,55,250,Sold,,,http://www.redfin.com/CT/Winsted/Riveredge-Dr-06098/unit-14/home/144535340,Smart MLS,L10155691,N,Y,41.92961,-73.058055
PAST SALE,,Single Family Residential,32 Slaughter House Rd,Washington,CT,06777,,3,2.0,,2408,95396,1981,,,,Sold,,,http://www.redfin.com/CT/New-Preston/32-Slaughter-House-Rd-06777/home/107171254,Smart MLS,,N,Y,41.675614,-73.345753
PAST SALE,October-2-2017,Single Family Residential,100 North St,Watertown,CT,06795,195000,4,2.5,Watertown,1762,9147,1928,1477,111,,Sold,,,http://www.redfin.com/CT/Watertown/100-North-St-06795/home/107312961,Smart MLS,G10240396,N,Y,41.6066615,-73.1217524
PAST SALE,April-25-2017,Single Family Residential,359 Linkfield Rd,Watertown,CT,06795,315000,3,2.5,Watertown,2160,65340,2002,1637,146,,Sold,,,http://www.redfin.com/CT/Watertown/359-Linkfield-Rd-06795/home/107310117,Smart MLS,G10193616,N,Y,41.632343,-73.1306386
PAST SALE,,Single Family Residential,48 Weaver St,Torrington,CT,06790,,3,1.0,,912,10890,1965,,,,Sold,,,http://www.redfin.com/CT/Torrington/48-Weaver-St-06790/home/107288314,Smart MLS,,N,Y,41.8000828,-73.1069529
PAST SALE,October-4-2017,Condo/Co-op,16 Fiddlehead Dr,New Milford,CT,06776,240000,1,1.5,New Milford,1542,,2016,1475,156,220,Sold,,,http://www.redfin.com/CT/New-Milford/16-Fiddlehead-Dr-06776/home/107714831,Smart MLS,99135341,N,Y,41.5928186,-73.453814
PAST SALE,,Single Family Residential,379 Kent Rd,New Milford,CT,06776,,3,2.0,,2582,113256,1900,,,,Sold,,,http://www.redfin.com/CT/New-Milford/379-Kent-Rd-06776/home/107728519,Smart MLS,,N,Y,41.6006725,-73.4590169
PAST SALE,May-16-2017,Single Family Residential,415 Clearview Ave,Harwinton,CT,06791,182500,4,2.0,Harwinton,1800,13503,1952,1616,101,,Sold,,,http://www.redfin.com/CT/Harwinton/415-Clearview-Ave-06791/home/107254139,Smart MLS,N10167501,N,Y,41.7912319,-73.1028632
PAST SALE,May-26-2017,Single Family Residential,445 Cotton Hill Rd,New Hartford,CT,06057,322000,3,2.0,New Hartford,2296,73180,1995,1606,140,,Sold,,,http://www.redfin.com/CT/New-Hartford/445-Cotton-Hill-Rd-06057/home/107322098,Smart MLS,P10206597,N,Y,41.801859,-73.043794
PAST SALE,,Single Family Residential,101 Buell Rd,Litchfield,CT,06759,582500,3,3.5,,3144,221285,1987,,185,,,,,http://www.redfin.com/CT/Litchfield/101-Buell-Rd-06759/home/107167501,,,N,Y,41.7451575,-73.1496722
PAST SALE,May-25-2017,Single Family Residential,401 E Litchfield Rd,Litchfield,CT,06759,252500,3,2.5,Litchfield,1874,65340,1942,1607,135,,Sold,,,http://www.redfin.com/CT/Litchfield/401-E-Litchfield-Rd-06759/home/107164158,Smart MLS,L10201562,N,Y,41.76174857019444,-73.12768173701443
PAST SALE,,Single Family Residential,221 Lake Rd,Warren,CT,06777,,3,3.0,,2457,261360,1987,,,,Sold,,,http://www.redfin.com/CT/Warren/221-Lake-Rd-06777/home/107620821,Smart MLS,,N,Y,41.7193215,-73.3428052
PAST SALE,December-20-2017,Single Family Residential,7 Bexley Ct,Goshen,CT,06756,315000,3,3.5,Goshen,2689,37026,1979,1398,117,1400,Sold,,,http://www.redfin.com/CT/Goshen/7-Bexley-Ct-06756/home/107317861,Smart MLS,170026272,N,Y,41.7929118,-73.2534302
PAST SALE,August-18-2017,Single Family Residential,30 E Plymouth Rd,Plymouth,CT,06786,109900,3,1.0,Terryville,912,10454,1955,1522,121,,Sold,,,http://www.redfin.com/CT/Terryville/30-E-Plymouth-Rd-06786/home/107247892,Smart MLS,G10222846,N,Y,41.6905117,-72.9992705
PAST SALE,August-2-2017,Single Family Residential,201 Danbury Quarter Rd,Winchester,CT,06098,250000,3,2.5,Winchester,2160,86248,1989,1538,116,,Sold,,,http://www.redfin.com/CT/Winsted/201-Danbury-Quarter-Rd-06098/home/107609691,Smart MLS,L10193394,N,Y,41.9492176,-73.1473808
PAST SALE,October-26-2017,Single Family Residential,29 Sunny Valley Rd,New Milford,CT,06776,195000,2,1.5,New Milford,1216,14374,1890,1453,160,,Sold,,,http://www.redfin.com/CT/New-Milford/29-Sunny-Valley-Rd-06776/home/107717886,Smart MLS,170008376,N,Y,41.5679603,-73.4182283
PAST SALE,June-8-2017,Multi-Family (2-4 Unit),80 Bragg St,North Canaan,CT,06018,195000,2,2.5,North Canaan,1352,5662,1985,1593,144,,Sold,,,http://www.redfin.com/CT/Canaan/80-Bragg-St-06018/home/107274015,Smart MLS,L10198652,N,Y,42.0315477,-73.3322256
PAST SALE,,Single Family Residential,241 Parker Hill Rd,Norfolk Historic District,CT,06058,110000,5,3.0,,3465,5749920,1816,,32,,,,,http://www.redfin.com/CT/Norfolk-Historic-District/241-Parker-Hill-Rd-06058/home/107274586,,,N,Y,41.928778,-73.183181
PAST SALE,,Single Family Residential,523 E Hartland Rd,Barkhamsted,CT,06063,150000,3,2.0,,1402,43560,1860,,107,,,,,http://www.redfin.com/CT/Barkhamsted/523-E-Hartland-Rd-06063/home/107032708,,,N,Y,41.9673227,-72.916509
PAST SALE,January-19-2018,Single Family Residential,52 E Main St,Salisbury,CT,06068,470000,4,2.5,Salisbury,2779,52272,1744,1368,169,,Sold,,,http://www.redfin.com/CT/Salisbury/52-E-Main-St-06068/home/107173404,Smart MLS,L10164942,N,Y,41.9869312,-73.4201482
PAST SALE,November-20-2017,Single Family Residential,25 Otto Dr,Harwinton,CT,06791,214900,3,2.0,Harwinton,2200,30056,1979,1428,98,,Sold,,,http://www.redfin.com/CT/Harwinton/25-Otto-Dr-06791/home/107251621,Smart MLS,170010894,N,Y,41.7784079,-73.0736482
PAST SALE,June-22-2017,Single Family Residential,41 Beechwood Dr,Harwinton,CT,06791,203000,3,1.5,Harwinton,1392,43995,1971,1579,146,,Sold,,,http://www.redfin.com/CT/Harwinton/41-Beechwood-Dr-06791/home/107252684,Smart MLS,L10214467,N,Y,41.7873066,-73.0701733
PAST SALE,September-29-2017,Condo/Co-op,503 Village Dr #503,Torrington,CT,06790,89000,2,2.0,Torrington,1400,,1988,1480,64,230,Sold,,,http://www.redfin.com/CT/Torrington/503-Village-Dr-06790/unit-503/home/144535676,Smart MLS,170007955,N,Y,41.8053871,-73.0772424
PAST SALE,October-20-2017,Single Family Residential,54 Dorothy Dr,Torrington,CT,06790,185000,4,2.5,Torrington,2048,18730,1962,1459,90,,Sold,,,http://www.redfin.com/CT/Torrington/54-Dorothy-Dr-06790/home/107285976,Smart MLS,L10227241,N,Y,41.8118517,-73.079841
PAST SALE,October-17-2017,Single Family Residential,55 Still Meadow Rd,Sharon,CT,06069,625000,3,2.5,Sharon,2128,1698840,2010,1462,294,,Sold,,,http://www.redfin.com/CT/Sharon/55-Still-Meadow-Rd-06069/home/107176926,Smart MLS,L10191679,N,Y,41.8806373,-73.4667169
PAST SALE,December-1-2017,Single Family Residential,474 Under Mountain Rd,Salisbury,CT,06068,1045000,4,3.5,Salisbury,3275,439520,1979,1417,319,,Sold,,,http://www.redfin.com/CT/Salisbury/474-Under-Mountain-Rd-06068/home/107173480,Smart MLS,L10047106,N,Y,42.0384136,-73.4274892
PAST SALE,April-24-2017,Single Family Residential,96 Belden St,Canaan,CT,06031,369000,3,2.0,Falls Village,1944,110206,1778,1638,190,,Sold,,,http://www.redfin.com/CT/Falls-Village/96-Belden-St-06031/home/107077280,Smart MLS,L10140953,N,Y,41.9875312,-73.3601394
PAST SALE,March-24-2017,Single Family Residential,153 Smith Hill Rd,Winchester,CT,06098,59900,2,1.0,Winsted,874,222591,1949,1669,69,,Sold,,,http://www.redfin.com/CT/Winsted/153-Smith-Hill-Rd-06098/home/107607831,Smart MLS,G10197198,N,Y,41.9534014,-73.0566949
PAST SALE,,Single Family Residential,40 Oak St,Watertown,CT,06795,,3,1.0,,1252,13504,1966,,,,Sold,,,http://www.redfin.com/CT/Watertown/40-Oak-St-06795/home/107313338,Smart MLS,,N,Y,41.6015807,-73.1012871
PAST SALE,,Condo/Co-op,22 Belair Dr,New Milford,CT,06776,60000,2,1.0,,840,,1969,,71,,,,,http://www.redfin.com/CT/New-Milford/22-Belair-Dr-06776/home/107714815,,,N,Y,41.6057931,-73.4047959
PAST SALE,April-25-2017,Single Family Residential,110 North Rd,Harwinton,CT,06791,150000,2,1.0,Harwinton,1048,57063,1960,1637,143,,Sold,,,http://www.redfin.com/CT/Harwinton/110-N-Rd-06791/home/107253772,Smart MLS,L10187590,N,Y,41.7785485,-73.0612107
PAST SALE,May-19-2017,Single Family Residential,179 Plymouth Rd,Harwinton,CT,06791,305000,3,2.0,Harwinton,2393,60983,1981,1613,127,,Sold,,,http://www.redfin.com/CT/Harwinton/179-Plymouth-Rd-06791/home/107254212,Smart MLS,G10189715,N,Y,41.7436605,-73.042876
PAST SALE,June-2-2017,Single Family Residential,172 Whetstone Rd,Harwinton,CT,06791,320000,4,3.5,Harwinton,2600,219978,1978,1599,123,,Sold,,,http://www.redfin.com/CT/Harwinton/172-Whetstone-Rd-06791/home/107253857,Smart MLS,G10188263,N,Y,41.757563,-73.0713809
PAST SALE,May-1-2017,Single Family Residential,186 Branch Rd,Thomaston,CT,06787,195000,2,2.0,Thomaston,1478,22651,1860,1631,132,,Sold,,,http://www.redfin.com/CT/Thomaston/186-Branch-Rd-06787/home/107269983,Smart MLS,W10202612,N,Y,41.6588598,-73.0956336
PAST SALE,,Single Family Residential,82 Beardsley Rd,Kent,CT,06757,745000,4,3.0,,2776,161172,1986,,268,,,,,http://www.redfin.com/CT/Kent/82-Beardsley-Rd-06757/home/107316773,,,N,Y,41.6952704,-73.3858128
PAST SALE,,Condo/Co-op,55 Willow Spgs,New Milford,CT,06776,110000,2,1.0,,1025,,1985,,107,,,,,http://www.redfin.com/CT/New-Milford/55-Willow-Spgs-06776/home/107714371,,,N,Y,41.5422488,-73.4240888
PAST SALE,June-14-2017,Condo/Co-op,319 Thomaston Rd #88,Watertown,CT,06795,240000,2,2.0,Watertown,1752,,1992,1587,137,345,Sold,,,http://www.redfin.com/CT/Watertown/319-Thomaston-Rd-06795/unit-88/home/107311360,Smart MLS,W10211342,N,Y,41.61293,-73.112739
PAST SALE,December-6-2017,Single Family Residential,122 Northfield Rd,Watertown,CT,06795,156900,3,1.0,Watertown,,22215,1955,1412,,,Sold,,,http://www.redfin.com/CT/Watertown/122-Northfield-Rd-06795/home/107311472,Smart MLS,W10208442,N,Y,41.6159113,-73.1189862
PAST SALE,August-11-2017,Single Family Residential,26 Everwood (Lot14) Dr,New Milford,CT,06776,539000,4,3.5,Old Saw Mill,3367,45302,2017,1529,160,,Sold,,,http://www.redfin.com/CT/New-Milford/26-Everwood-Dr-06776/home/144512895,Smart MLS,99178120,N,Y,41.6146047,-73.4596844
PAST SALE,,Single Family Residential,12 Meetinghouse Ter,New Milford,CT,06776,,4,2.5,,1496,40075,1978,,,,Sold,,,http://www.redfin.com/CT/New-Milford/12-Meetinghouse-Ter-06776/home/107721181,Smart MLS,,N,Y,41.6273735,-73.4249962
PAST SALE,December-1-2017,Single Family Residential,53 Sunny Ridge Rd,Washington,CT,06793,700000,3,1.0,Washington,1312,375922,2012,1417,534,,Sold,,,http://www.redfin.com/CT/Washington/53-Sunny-Ridge-Rd-06793/home/107171746,Smart MLS,170001232,N,Y,41.6608764,-73.2784281
PAST SALE,,Single Family Residential,72 South St,Morris,CT,06763,155000,2,1.0,,1116,87120,1805,,139,,,,,http://www.redfin.com/CT/Morris/72-South-St-06763/home/107305385,,,N,Y,41.6787641,-73.1978556
PAST SALE,October-17-2017,Single Family Residential,6 Palomino Dr,New Milford,CT,06776,116500,5,3.0,New Milford,4264,25700,1930,1462,27,,Sold,,,http://www.redfin.com/CT/New-Milford/6-Palomino-Dr-06776/home/107720483,Smart MLS,G10210043,N,Y,41.6199123,-73.3863654
PAST SALE,November-30-2016,Single Family Residential,791 Woodbury Rd,Watertown,CT,06795,275000,4,2.0,Taft School,2430,217800,1830,1783,113,,Sold,,,http://www.redfin.com/CT/Watertown/791-Woodbury-Rd-06795/home/107309554,Smart MLS,W10095855,N,Y,41.598752,-73.145791
PAST SALE,September-22-2017,Single Family Residential,717 Main St,Plymouth,CT,06782,125000,3,1.5,Plymouth,1272,7405,1882,1487,98,,Sold,,,http://www.redfin.com/CT/Plymouth/717-Main-St-06782/home/107245065,Smart MLS,170004821,N,Y,41.6716365,-73.0544116
PAST SALE,May-25-2017,Single Family Residential,319 Atwood Rd,Thomaston,CT,06787,169000,3,1.0,Thomaston,1128,14810,1957,1607,150,,Sold,,,http://www.redfin.com/CT/Thomaston/319-Atwood-Rd-06787/home/107269597,Smart MLS,L10209149,N,Y,41.6963392,-73.0899853
PAST SALE,August-7-2017,Single Family Residential,483 Cedar Mountain Rd,Thomaston,CT,06787,334900,3,2.5,Thomaston,2997,70567,2004,1533,112,,Sold,,,http://www.redfin.com/CT/Thomaston/483-Cedar-Mountain-Rd-06787/home/107269720,Smart MLS,W10225880,N,Y,41.6477919,-73.0664914
PAST SALE,October-4-2017,Condo/Co-op,224 Pine Hill Blvd #224,Plymouth,CT,06782,170000,3,3.0,Plymouth,1540,,2006,1475,110,268,Sold,,,http://www.redfin.com/CT/Plymouth/224-Pine-Hill-Blvd-06782/unit-224/home/144519120,Smart MLS,170003945,N,Y,41.667137,-73.0526835
PAST SALE,July-14-2017,Single Family Residential,170 Lake Rd,Warren,CT,06754,609000,4,3.5,Warren,3012,255697,1985,1557,202,,Sold,,,http://www.redfin.com/CT/Warren/170-Lake-Rd-06754/home/107620769,Smart MLS,L10219213,N,Y,41.7257538,-73.3430108
PAST SALE,December-19-2017,Single Family Residential,94 Ridge Rd,Plymouth,CT,06786,219000,4,2.5,Terryville,2443,46609,2004,1399,90,,Sold,,,http://www.redfin.com/CT/Terryville/94-Ridge-Rd-06786/home/107250403,Smart MLS,G10239747,N,Y,41.6799228,-73.0337173
PAST SALE,August-22-2017,Single Family Residential,144 Wheeler Rd,Litchfield,CT,06759,447000,4,3.5,Litchfield,2532,609840,1780,1518,177,,Sold,,,http://www.redfin.com/CT/Litchfield/144-Wheeler-Rd-06759/home/107166159,Smart MLS,L10217493,N,Y,41.7723008,-73.138484
PAST SALE,May-30-2017,Single Family Residential,486 Plymouth Rd,Harwinton,CT,06791,148000,3,2.0,Harwinton,1600,34412,1963,1602,93,,Sold,,,http://www.redfin.com/CT/Harwinton/486-Plymouth-Rd-06791/home/107252284,Smart MLS,G10198023,N,Y,41.7310172,-73.0399821
PAST SALE,November-6-2017,Single Family Residential,194 Smith Hill Rd,Winchester,CT,06098,170000,3,1.5,Winchester,1791,87120,1945,1442,95,,Sold,,,http://www.redfin.com/CT/Winsted/194-Smith-Hill-Rd-06098/home/107607160,Smart MLS,L10203678,N,Y,41.9582917,-73.0626408
PAST SALE,June-8-2017,Single Family Residential,12 Fenn Dr,Barkhamsted,CT,06063,245000,3,1.5,Barkhamsted,2726,95832,1953,1593,90,,Sold,,,http://www.redfin.com/CT/Barkhamsted/12-Fenn-Dr-06063/home/107032342,Smart MLS,G10173494,N,Y,41.9122034,-72.9941135
PAST SALE,December-22-2017,Single Family Residential,107 Peck Rd,Winchester,CT,06098,120000,3,1.0,Winchester,960,40946,1983,1396,125,,Sold,,,http://www.redfin.com/CT/Winsted/107-Peck-Rd-06098/home/107322563,Smart MLS,170026222,N,Y,41.8868867,-73.0954866
PAST SALE,,Condo/Co-op,22 Belair Dr #22,New Milford,CT,06776,,,,,,,,,,,Sold,,,http://www.redfin.com/CT/New-Milford/22-Belair-Dr-06776/unit-22/home/172900078,Smart MLS,,N,Y,41.6057864,-73.4047607
PAST SALE,March-22-2017,Single Family Residential,33 Yarmoshuk Rd,Barkhamsted,CT,06063,430000,3,3.5,Barkhamsted,2782,435600,1999,1671,155,,Sold,,,http://www.redfin.com/CT/Barkhamsted/33-Yarmoshuk-Rd-06063/home/107033158,Smart MLS,G10154010,N,Y,41.9343738,-73.0305693
PAST SALE,April-6-2017,Single Family Residential,22 Brookside Trl,New Milford,CT,06776,325000,3,2.0,Candlewood Lake,1572,9583,1937,1656,207,4004,Sold,,,http://www.redfin.com/CT/New-Milford/22-Brookside-Trl-06776/home/107708344,Smart MLS,99149667,N,Y,41.4965034,-73.439222
PAST SALE,,Single Family Residential,30 Larson Rd,New Milford,CT,06776,253500,3,1.0,,1040,32670,1970,,244,,,,,http://www.redfin.com/CT/New-Milford/30-Larson-Rd-06776/home/107710903,,,N,Y,41.5297175,-73.4267918
PAST SALE,May-18-2017,Single Family Residential,65 Island Trl,Morris,CT,06763,375000,3,2.0,Morris,1602,8276,1984,1614,234,,Sold,,,http://www.redfin.com/CT/Morris/65-Island-Trl-06763/home/107305660,Smart MLS,L10191554,N,Y,41.6954832,-73.2273036
PAST SALE,November-6-2017,Single Family Residential,273 Florence St,Winchester,CT,06098,149000,2,1.0,Winsted,1120,22651,1949,1442,133,,Sold,,,http://www.redfin.com/CT/Winsted/273-Florence-St-06098/home/107607921,Smart MLS,170014331,N,Y,41.9287576,-73.0510775
PAST SALE,July-28-2017,Single Family Residential,103 Wahnee Rd,Winchester,CT,06098,205000,3,2.0,Winchester,2302,100187,1966,1543,89,,Sold,,,http://www.redfin.com/CT/Torrington/103-Wahnee-Rd-06790/home/107610065,Smart MLS,L10224636,N,Y,41.8856112,-73.1369076
PAST SALE,June-9-2017,Condo/Co-op,204 Hunters Dr #204,Litchfield,CT,06759,325000,3,3.5,Litchfield,1972,,2015,1592,165,395,Sold,,,http://www.redfin.com/CT/Litchfield/204-Hunter-Dr-06759/unit-204/home/144525019,Smart MLS,L10194603,N,Y,41.779955,-73.14864
PAST SALE,March-13-2017,Single Family Residential,438 Hill Rd,Thomaston,CT,06787,162000,3,1.0,Thomaston,1578,47044,1966,1680,103,,Sold,,,http://www.redfin.com/CT/Thomaston/438-Hill-Rd-06787/home/107270608,Smart MLS,L10153752,N,Y,41.6952646,-73.0573376
PAST SALE,July-7-2017,Single Family Residential,253 Red Mountain Ave,Torrington,CT,06790,70000,3,2.0,Torrington,1364,8712,1970,1564,51,,Sold,,,http://www.redfin.com/CT/Torrington/253-Red-Mountain-Ave-06790/home/107284597,Smart MLS,L10157720,N,Y,41.8175183,-73.1266393
PAST SALE,June-9-2017,Single Family Residential,16 Dawns Rd,New Milford,CT,06776,335000,4,3.5,New Milford,2563,20037,1996,1592,131,,Sold,,,http://www.redfin.com/CT/New-Milford/16-Dawn-s-Rd-06776/home/107724181,Smart MLS,99169692,N,Y,41.5848346,-73.4034485
PAST SALE,May-10-2018,Single Family Residential,35 Schoolhouse Rd,Roxbury,CT,06783,2115000,4,4.5,Roxbury,3680,435600,1951,1257,575,,Sold,,,http://www.redfin.com/CT/Roxbury/35-Schoolhouse-Rd-06783/home/107685855,Smart MLS,170047137,N,Y,41.5739087,-73.2697784
PAST SALE,January-5-2018,Single Family Residential,166 Bunker Hill Rd,Cornwall,CT,06796,150000,3,1.0,West Cornwall,1285,108900,1978,1382,117,,Sold,,,http://www.redfin.com/CT/West-Cornwall/166-Bunker-Hill-Rd-06796/home/107275917,Smart MLS,170004671,N,Y,41.8460505,-73.2843911
PAST SALE,December-7-2017,Single Family Residential,124 Wedgewood Dr,Watertown,CT,06795,280000,4,2.0,Taft School,1760,128502,1983,1411,159,,Sold,,,http://www.redfin.com/CT/Watertown/124-Wedgewood-Dr-06795/home/107314334,Smart MLS,170016521,N,Y,41.6141782,-73.1400776
PAST SALE,November-17-2017,Single Family Residential,11 Georgetown Dr,Watertown,CT,06795,290000,4,2.5,Georgetown Estates,2423,18295,2000,1431,120,,Sold,,,http://www.redfin.com/CT/Watertown/11-Georgetown-Dr-06795/home/107313275,Smart MLS,170006714,N,Y,41.5758192,-73.0939968
PAST SALE,May-19-2017,Single Family Residential,8 Dodge Farm Rd,Washington,CT,06794,322000,4,2.0,Washington Depot,1376,59241,1966,1613,234,,Sold,,,http://www.redfin.com/CT/Washington-Depot/8-Dodge-Farm-Rd-06794/home/107172485,Smart MLS,W10173466,N,Y,41.6555285,-73.2851743
PAST SALE,June-6-2017,Single Family Residential,21 Upper Ridge Rd,Sharon,CT,06069,355000,2,2.0,Upper Ridge,1734,241322,1976,1595,205,,Sold,,,http://www.redfin.com/CT/Sharon/21-Upper-Ridge-Rd-06069/home/107177110,Smart MLS,L10210115,N,Y,41.8429555,-73.3984422
PAST SALE,,Condo/Co-op,38 Twin Oaks,New Milford,CT,06776,180900,2,1.5,,1337,,1988,,135,,,,,http://www.redfin.com/CT/New-Milford/38-Twin-Oaks-06776/home/107691771,,,N,Y,41.6096336,-73.4549816
PAST SALE,,Condo/Co-op,45 Glen Ridge Ct,New Milford,CT,06776,148000,2,1.5,,1215,,1991,,122,,,,,http://www.redfin.com/CT/New-Milford/45-Glen-Ridge-Ct-06776/home/107692279,,,N,Y,41.5851221,-73.4228572
PAST SALE,,Condo/Co-op,18 Canterbury Arms,New Milford,CT,06776,67000,2,1.0,,900,,1968,,74,,,,,http://www.redfin.com/CT/New-Milford/18-Canterbury-Arms-06776/home/107707064,,,N,Y,41.5878477,-73.4188153
PAST SALE,January-22-2018,Single Family Residential,85 Sunny Valley Rd,New Milford,CT,06776,105000,3,1.5,New Milford,1361,74052,1938,1365,77,,Sold,,,http://www.redfin.com/CT/New-Milford/85-Sunny-Valley-Rd-06776/home/107728591,Smart MLS,170034089,N,Y,41.5647927,-73.4222338
PAST SALE,December-18-2017,Condo/Co-op,60 Sullivan Farm #60,New Milford,CT,06776,229000,1,2.5,Candlewood Lake,1572,,1989,1400,146,399,Sold,,,http://www.redfin.com/CT/New-Milford/60-Sullivan-Farm-06776/unit-60/home/144523008,Smart MLS,170027746,N,Y,41.5259344,-73.4323299
PAST SALE,March-22-2017,Condo/Co-op,45 West St Unit 201A,New Milford,CT,06776,65000,1,1.0,New Milford,610,,1985,1671,107,165,Sold,,,http://www.redfin.com/CT/New-Milford/45-West-St-06776/unit-201A/home/144531223,Smart MLS,99133880,N,Y,41.5743087,-73.4115982
PAST SALE,August-28-2017,Condo/Co-op,109 Willow Spgs #109,New Milford,CT,06776,147000,2,1.0,New Milford,1025,,1985,1512,143,213,Sold,,,http://www.redfin.com/CT/New-Milford/109-Willow-Spgs-06776/unit-109/home/148626529,Smart MLS,99190935,N,Y,41.5433297,-73.426282
PAST SALE,,Condo/Co-op,14 Pilgrim Trl Unit E4,Woodbury,CT,06798,50000,1,1.0,,546,,1965,,92,,,,,http://www.redfin.com/CT/Woodbury/14-Pilgrim-Trl-06798/unit-E4/home/107120214,,,N,Y,41.5664094,-73.2063044
PAST SALE,August-8-2017,Single Family Residential,63 Barbara Ln,Woodbury,CT,06798,265000,3,2.5,Woodbury,1416,41817,1978,1532,187,,Sold,,,http://www.redfin.com/CT/Woodbury/63-Barbara-Ln-06798/home/107121105,Smart MLS,W10231692,N,Y,41.5335868,-73.187624
PAST SALE,August-17-2017,Condo/Co-op,6 Woodbury Hl #6,Woodbury,CT,06798,265000,2,1.5,Woodbury,1502,,1985,1523,176,391,Sold,,,http://www.redfin.com/CT/Woodbury/6-Woodbury-Hl-06798/unit-6/home/148689365,Smart MLS,W10227892,N,Y,41.5574997,-73.2021793
PAST SALE,August-31-2017,Single Family Residential,105 Belgo Rd,Salisbury,CT,06039,1300000,4,3.5,Lakeville,4355,244371,2007,1509,299,,Sold,,,http://www.redfin.com/CT/Lakeville/105-Belgo-Rd-06039/home/107175012,Smart MLS,L10157113,N,Y,41.9658533,-73.4635752
PAST SALE,June-23-2017,Single Family Residential,266 Canaan Rd,North Canaan,CT,06024,155000,3,1.0,North Canaan,1792,13068,1900,1578,86,,Sold,,,http://www.redfin.com/CT/East-Canaan/266-E-Canaan-Rd-06024/home/107273240,Smart MLS,L10200236,N,Y,42.0128799,-73.2826152
PAST SALE,January-16-2018,Single Family Residential,114 Pinney St,Colebrook,CT,06021,580000,3,3.0,Colebrook,3110,439084,1998,1371,186,,Sold,,,http://www.redfin.com/CT/Colebrook/114-Pinney-St-06021/home/109741607,Smart MLS,170022788,N,Y,41.9894204,-73.120896
PAST SALE,January-19-2018,Single Family Residential,346 Westside Rd,Goshen,CT,06756,260000,2,1.0,Goshen,1662,13503,1980,1368,156,,Sold,,,http://www.redfin.com/CT/Goshen/346-W-Side-Rd-06756/home/107317834,Smart MLS,170025599,N,Y,41.8535814,-73.2589017
PAST SALE,January-8-2018,Single Family Residential,48 Wykeham Rd,Washington,CT,06793,299000,4,2.5,Washington,2826,84506,1820,1379,106,,Sold,,,http://www.redfin.com/CT/Washington/48-Wykeham-Rd-06793/home/107171793,Smart MLS,L10199816,N,Y,41.634795,-73.3060427
PAST SALE,,Single Family Residential,52 Calhoun St,Washington,CT,06794,,,,,,618116,,,,,Sold,,,http://www.redfin.com/CT/Washington-Depot/52-Calhoun-St-06794/home/107172192,Smart MLS,,N,Y,41.64616,-73.322169
PAST SALE,January-22-2018,Single Family Residential,41 Meetinghouse Ter,New Milford,CT,06776,272500,3,2.0,Merryall,1571,43995,1978,1365,173,,Sold,,,http://www.redfin.com/CT/New-Milford/41-Meetinghouse-Ter-06776/home/107695891,Smart MLS,99179534,N,Y,41.6267742,-73.4263314
PAST SALE,December-29-2017,Single Family Residential,100 Buckingham Rd,New Milford,CT,06776,345000,3,1.5,Northville,1966,48351,1700,1389,175,,Sold,,,http://www.redfin.com/CT/New-Milford/100-Buckingham-Rd-06776/home/107726354,Smart MLS,W10223680,N,Y,41.6280325,-73.387354
PAST SALE,March-23-2017,Multi-Family (2-4 Unit),17 Church St,New Milford,CT,06776,261000,6,2.0,New Milford,3788,2613,1912,1670,69,,Sold,,,http://www.redfin.com/CT/New-Milford/17-Church-St-06776/home/144536376,Smart MLS,F10184584,N,Y,41.5780951,-73.4099867
PAST SALE,June-30-2017,Condo/Co-op,229 Willow Spgs #229,New Milford,CT,06776,142000,2,1.0,New Milford,1025,,1985,1571,139,213,Sold,,,http://www.redfin.com/CT/New-Milford/229-Willow-Spgs-06776/unit-229/home/148650393,Smart MLS,99185244,N,Y,41.543413,-73.4247746
PAST SALE,July-6-2017,Single Family Residential,460 Cotton Hill Rd,New Hartford,CT,06057,208000,3,2.0,New Hartford,1229,100187,1964,1565,169,,Sold,,,http://www.redfin.com/CT/New-Hartford/460-Cotton-Hill-Rd-06057/home/107319406,Smart MLS,L10211236,N,Y,41.801644,-73.042635
PAST SALE,September-14-2017,Condo/Co-op,319 Thomaston Rd #26,Watertown,CT,06795,145000,2,2.5,Watertown,1192,,1986,1495,122,345,Sold,,,http://www.redfin.com/CT/Watertown/319-Thomaston-Rd-06795/unit-26/home/107308261,Smart MLS,W10226933,N,Y,41.61293,-73.112739
PAST SALE,December-22-2017,Single Family Residential,74 Dalton St,Watertown,CT,06779,135000,3,1.0,Oakville,997,6098,1920,1396,135,,Sold,,,http://www.redfin.com/CT/Oakville/74-Dalton-St-06779/home/107313541,Smart MLS,G10236245,N,Y,41.5958914,-73.0875415
PAST SALE,January-29-2018,Single Family Residential,73 Hinsdale Ave,Winchester,CT,06098,102500,3,1.0,Winsted,1200,4356,1898,1358,85,,Sold,,,http://www.redfin.com/CT/Winsted/73-Hinsdale-Ave-06098/home/107323858,Smart MLS,170006210,N,Y,41.9265787,-73.0726475
PAST SALE,April-19-2017,Single Family Residential,218 South Rd,Winchester,CT,06098,247000,4,3.5,Winchester,2892,104544,1975,1643,85,,Sold,,,http://www.redfin.com/CT/Winsted/218-S-Rd-06098/home/107322657,Smart MLS,L10067489,N,Y,41.8839844,-73.1225894
PAST SALE,July-21-2017,Single Family Residential,332 E Wakefield Blvd,Winchester,CT,06098,340000,2,1.5,Winsted,900,9147,1900,1550,378,,Sold,,,http://www.redfin.com/CT/Winsted/332-E-Wakefield-Blvd-06098/home/107607895,Smart MLS,L10211145,N,Y,41.91169,-73.0887494
PAST SALE,August-31-2017,Multi-Family (2-4 Unit),26/28 JACKSON St,Torrington,CT,06790,125000,4,2.0,Torrington,2870,7405,1927,1509,44,,Sold,,,http://www.redfin.com/CT/Torrington/28-Jackson-St-06790/home/144521104,Smart MLS,L10099675,N,Y,41.7939542,-73.1284852
PAST SALE,June-15-2017,Single Family Residential,536 Riverside Ave,Torrington,CT,06790,47000,3,2.0,Torrington,1074,4356,1920,1586,44,,Sold,,,http://www.redfin.com/CT/Torrington/536-Riverside-Ave-06790/home/107285385,Smart MLS,G10217742,N,Y,41.8135402,-73.1395936
PAST SALE,January-5-2018,Single Family Residential,11 Simmons St,Torrington,CT,06790,170000,3,1.5,Torrington,1713,15681,1954,1382,99,,Sold,,,http://www.redfin.com/CT/Torrington/11-Simmons-St-06790/home/107289987,Smart MLS,170031888,N,Y,41.8146446,-73.104832
PAST SALE,,Condo/Co-op,38 Sunny Valley Rd #4,New Milford,CT,06776,,2,1.5,,1040,,1969,,,,Sold,,,http://www.redfin.com/CT/New-Milford/38-Sunny-Valley-Rd-06776/unit-4/home/107707788,Smart MLS,,N,Y,41.5689581,-73.4201241
PAST SALE,April-23-2017,Vacant Land,Lot 1 New Bridge Rd,New Milford,CT,06776,150000,,,New Milford,,216928,,1639,,,Sold,,,http://www.redfin.com/CT/New-Milford/1-New-Bridge-Rd-06776/home/107724788,Smart MLS,99153624,N,Y,41.5129062,-73.4033104
PAST SALE,September-15-2017,Single Family Residential,30 Reed Brook Rd,Cornwall,CT,06796,500000,4,2.5,West Cornwall,2656,133293,1999,1494,188,,Sold,,,http://www.redfin.com/CT/West-Cornwall/30-Reed-Brook-Rd-06796/home/107275793,Smart MLS,L10215935,N,Y,41.9069896,-73.3308243
PAST SALE,,Single Family Residential,119 Upland Rd,New Milford,CT,06776,,3,2.5,,1300,43560,1977,,,,Sold,,,http://www.redfin.com/CT/New-Milford/119-Upland-Rd-06776/home/107717410,Smart MLS,,N,Y,41.6476677,-73.3780075
PAST SALE,,Single Family Residential,25 Stephanie Dr,New Milford,CT,06776,230000,3,2.5,,1300,54014,1985,,177,,,,,http://www.redfin.com/CT/New-Milford/25-Stephanie-Dr-06776/home/107724640,,,N,Y,41.6038735,-73.3884836
PAST SALE,November-13-2017,Single Family Residential,87 Upper Reservoir Rd,New Milford,CT,06776,280000,3,2.5,New Milford,2261,42253,1978,1435,124,,Sold,,,http://www.redfin.com/CT/New-Milford/87-Upper-Reservoir-Rd-06776/home/107704030,Smart MLS,99194306,N,Y,41.5995411,-73.3861351
PAST SALE,November-22-2017,Condo/Co-op,37 Booth Ave #10,Watertown,CT,06779,259900,2,2.0,Oakville,1782,,2005,1426,146,275,Sold,,,http://www.redfin.com/CT/Oakville/37-Booth-Ave-06779/unit-10/home/107314259,Smart MLS,170020171,N,Y,41.606853,-73.0898998
PAST SALE,August-4-2017,Single Family Residential,37 Canterbury Rd,New Milford,CT,06776,345000,3,2.0,New Milford,3955,28749,1955,1536,87,,Sold,,,http://www.redfin.com/CT/New-Milford/37-Canterbury-Rd-06776/home/107708076,Smart MLS,99185765,N,Y,41.5930497,-73.4154888
PAST SALE,May-8-2017,Condo/Co-op,35 Woods Way #35,Woodbury,CT,06798,190000,3,2.5,Woodbury,1640,,1980,1624,116,397,Sold,,,http://www.redfin.com/CT/Woodbury/35-Woods-Way-06798/unit-35/home/144513290,Smart MLS,W10167622,N,Y,41.5153675,-73.2300611
PAST SALE,September-1-2017,Condo/Co-op,66 Prospect St #2,Watertown,CT,06779,220300,2,2.5,Oakville,1400,,2017,1508,157,,Sold,,,http://www.redfin.com/CT/Watertown/66-Prospect-St-06779/unit-2/home/144533947,Smart MLS,W10207979,N,Y,41.5844326,-73.0914493
PAST SALE,August-28-2017,Single Family Residential,76 Beardsley Rd,New Milford,CT,06776,431000,4,3.5,Sun Pond Woods,3272,130680,2000,1512,132,,Sold,,,http://www.redfin.com/CT/New-Milford/76-Beardsley-Rd-06776/home/107708028,Smart MLS,99190469,N,Y,41.5702408,-73.3464841
PAST SALE,,Single Family Residential,247 Upper Grassy Hill Rd,Woodbury,CT,06798,425000,3,2.5,,2691,2487712,1998,,158,,,,,http://www.redfin.com/CT/Woodbury/247-Upper-Grassy-Hill-Rd-06798/home/109703556,,,N,Y,41.5417785,-73.2545131
PAST SALE,,Single Family Residential,11 Woods Edge Rd,Bethlehem,CT,06751,,3,3.5,,2395,71874,1972,,,,Sold,,,http://www.redfin.com/CT/Bethlehem/11-Woods-Edge-Rd-06751/home/107243905,Smart MLS,,N,Y,41.6469415,-73.253292
PAST SALE,September-28-2017,Single Family Residential,274 Lake Plymouth Blvd,Plymouth,CT,06782,273000,3,2.0,Plymouth,2000,11325,1940,1481,137,14,Sold,,,http://www.redfin.com/CT/Plymouth/274-Lake-Plymouth-Blvd-06782/home/107250501,Smart MLS,G10232446,N,Y,41.6499432,-73.0460389
PAST SALE,December-15-2016,Condo/Co-op,472 Evergreen Rd #472,Torrington,CT,06790,111000,3,2.5,Torrington,1888,,1980,1768,59,703,Sold,,,http://www.redfin.com/CT/Torrington/472-Evergreen-Rd-06790/unit-472/home/144533107,Smart MLS,L10114090,N,Y,41.8734394,-73.1060463
PAST SALE,December-30-2016,Condo/Co-op,234 Willow Spgs #234,New Milford,CT,06776,172500,3,1.5,New Milford,1776,,1985,1753,97,250,Sold,,,http://www.redfin.com/CT/New-Milford/234-Willow-Spgs-06776/unit-234/home/144525539,Smart MLS,99161697,N,Y,41.5433277,-73.425501
PAST SALE,February-28-2017,Single Family Residential,1119 Hickory Hill Rd,Thomaston,CT,06787,182000,3,2.0,Thomaston,1672,480902,1975,1693,109,,Sold,,,http://www.redfin.com/CT/Thomaston/1119-Hickory-Hill-Rd-06787/home/107270532,Smart MLS,L10187197,N,Y,41.664631,-73.1237348
PAST SALE,January-13-2017,Single Family Residential,513 Smith Rd,Thomaston,CT,06787,161900,3,1.0,Thomaston,990,17859,1954,1739,164,,Sold,,,http://www.redfin.com/CT/Thomaston/513-Smith-Rd-06787/home/107271341,Smart MLS,W10185288,N,Y,41.6986435,-73.0856971
PAST SALE,January-31-2017,Single Family Residential,303 D Welton Way,Thomaston,CT,06787,273000,3,2.5,Highwood Farms,2316,30056,1999,1721,118,,Sold,,,http://www.redfin.com/CT/Thomaston/303-D-Welton-Way-06787/home/107269699,Smart MLS,L10180612,N,Y,41.6824735,-73.0828843
PAST SALE,January-30-2017,Single Family Residential,105 Buckingham St,Watertown,CT,06779,295000,4,2.5,Oakville,2196,32670,2015,1722,134,,Sold,,,http://www.redfin.com/CT/Watertown/105-Buckingham-St-06779/home/109752310,Smart MLS,99148242,N,Y,41.5899063,-73.0843138
PAST SALE,,Other,197 Sharon Rd,Lakeville,CT,06039,3825000,,,,,626393,,,,,,,,http://www.redfin.com/CT/Lakeville/197-Sharon-Rd-06039/home/107174718,,,N,Y,41.9509721,-73.4370291
PAST SALE,,Condo/Co-op,43 Surrey Ln,Torrington,CT,06790,75000,2,1.5,,1063,,1974,,71,,,,,http://www.redfin.com/CT/Torrington/43-Surrey-Ln-06790/home/107296975,,,N,Y,41.8247427,-73.1204198
PAST SALE,October-24-2016,Single Family Residential,683 Brandy Hill Rd,Torrington,CT,06790,83000,2,1.5,Torrington,864,60112,1993,1820,96,,Sold,,,http://www.redfin.com/CT/Torrington/683-Brandy-Hill-Rd-06790/home/107296399,Smart MLS,L10162456,N,Y,41.8492182,-73.1694179
PAST SALE,June-28-2017,Vacant Land,River Rd,Roxbury,CT,06783,115000,,,Roxbury,,186436,,1573,,,Sold,,,http://www.redfin.com/CT/ROXBURY/RIVER-RD-06783/home/107687829,Smart MLS,99183024,N,Y,41.531034,-73.308712
PAST SALE,,Condo/Co-op,64 Glen Ridge Ct,New Milford,CT,06776,107000,1,1.0,,682,,1991,,157,,,,,http://www.redfin.com/CT/New-Milford/64-Glen-Ridge-Ct-06776/home/107700636,,,N,Y,41.5849603,-73.4239554
PAST SALE,January-30-2017,Single Family Residential,34 Town View Dr,New Milford,CT,06776,225000,3,2.0,New Milford,1446,20037,1977,1722,156,,Sold,,,http://www.redfin.com/CT/New-Milford/34-Town-View-Dr-06776/home/107717495,Smart MLS,99163799,N,Y,41.5693077,-73.4193793
PAST SALE,January-20-2017,Condo/Co-op,65 West St #303,New Milford,CT,06776,73000,1,1.0,New Milford,669,,1987,1732,109,341,Sold,,,http://www.redfin.com/CT/New-Milford/65-West-St-06776/unit-303/home/107714629,Smart MLS,99164846,N,Y,41.572179,-73.410433
PAST SALE,October-15-2018,Vacant Land,49 Candlewood Shr,New Milford,CT,06776,80000,,,Candlewood Lake,,51400,,1099,,25,Sold,,,http://www.redfin.com/CT/New-Milford/49-Candlewood-Shr-06776/home/107691590,Smart MLS,170114663,N,Y,41.5619618,-73.44579
PAST SALE,,Vacant Land,7 Reservoir Rd,New Milford,CT,06776,69000,,,,,73181,,,,,,,,http://www.redfin.com/CT/New-Milford/7-Reservoir-Rd-06776/home/107714840,,,N,Y,41.5879362,-73.3885975
PAST SALE,June-5-2017,Vacant Land,66 2nd Hill Rd,New Milford,CT,06776,32000,,,New Milford,,77972,,1596,,,Sold,,,http://www.redfin.com/CT/New-Milford/66-2nd-Hill-Rd-06776/home/107721037,Smart MLS,99183644,N,Y,41.5887061,-73.3958475
PAST SALE,October-3-2017,Vacant Land,Lot Fordyce Rd,New Milford,CT,06776,60000,,,New Milford,,101059,,1476,,,Sold,,,http://www.redfin.com/CT/New-Milford/Lot-Fordyce-Rd-06776/home/144523356,Smart MLS,99169091,N,Y,41.566511,-73.401815
PAST SALE,December-9-2016,Single Family Residential,205 Millard St,Torrington,CT,06790,127900,4,2.0,Torrington,1838,6098,1950,1774,70,,Sold,,,http://www.redfin.com/CT/Torrington/205-Millard-St-06790/home/107291800,Smart MLS,G10144084,N,Y,41.8155955,-73.132319
PAST SALE,January-27-2017,Multi-Family (2-4 Unit),2 High St,Torrington,CT,06790,51000,,,Torrington,3176,6534,1910,1725,16,,Sold,,,http://www.redfin.com/CT/Torrington/2-High-St-06790/home/107284956,Smart MLS,G10185808,N,Y,41.8042566,-73.1318557
PAST SALE,,Other,278 Tuttle Rd,Woodbury,CT,06798,100000,,,,,190357,,,,,,,,http://www.redfin.com/CT/Woodbury/278-Tuttle-Rd-06798/home/107122347,,,N,Y,41.529306,-73.1829829
PAST SALE,,Vacant Land,KIMBERLY LN,WOODBURY,CT,06798,225000,,,,,3535765,,,,,,,,http://www.redfin.com/CT/WOODBURY/KIMBERLY-LN-06798/home/143833187,,,N,Y,41.567596,-73.164476
PAST SALE,,Vacant Land,127 River Rd,Roxbury,CT,06783,,,,,,1630015,,,,,Sold,,,http://www.redfin.com/CT/Roxbury/127-River-Rd-06783/home/109770707,Smart MLS,,N,Y,41.537652,-73.3187595
PAST SALE,December-30-2016,Single Family Residential,47 Raiano St,Torrington,CT,06790,71000,3,1.0,Torrington,952,5227,1950,1753,75,,Sold,,,http://www.redfin.com/CT/Torrington/47-Raiano-St-06790/home/107286968,Smart MLS,L10154192,N,Y,41.7953589,-73.1127786
PAST SALE,January-25-2017,Single Family Residential,121 Barton St,Torrington,CT,06790,145000,3,1.0,Torrington,1347,10018,1932,1727,108,,Sold,,,http://www.redfin.com/CT/Torrington/121-Barton-St-06790/home/107293868,Smart MLS,G10146057,N,Y,41.8038772,-73.1068146
PAST SALE,November-30-2016,Condo/Co-op,333 Hillside Ave #5,Torrington,CT,06790,53000,2,1.0,Torrington,1080,,1988,1783,49,198,Sold,,,http://www.redfin.com/CT/Torrington/333-Hillside-Ave-06790/unit-5/home/107283868,Smart MLS,L10128618,N,Y,41.8000728,-73.1088893
PAST SALE,December-6-2016,Multi-Family (2-4 Unit),309 E Elm St,Torrington,CT,06790,43900,,,Torrington,2419,7405,1939,1777,18,,Sold,,,http://www.redfin.com/CT/Torrington/309-E-Elm-St-06790/home/107285205,Smart MLS,G10175908,N,Y,41.8080027,-73.1150304
PAST SALE,December-2-2016,Multi-Family (2-4 Unit),345 Main St,Torrington,CT,06790,189000,5,3.0,Torrington,4641,4356,1900,1781,41,,Sold,,,http://www.redfin.com/CT/Torrington/345-Main-St-06790/home/144522928,Smart MLS,L10178199,N,Y,41.807524,-73.1214758
PAST SALE,October-28-2016,Single Family Residential,329 Newfield Rd,Torrington,CT,06790,130000,3,2.0,Torrington,1134,12196,1930,1816,115,,Sold,,,http://www.redfin.com/CT/Torrington/329-Newfield-Rd-06790/home/107290779,Smart MLS,L10130877,N,Y,41.8254871,-73.1213836
PAST SALE,,Condo/Co-op,73 Main St S Unit 1A,Woodbury,CT,06798,400000,,,,2588,,1940,,155,,,,,http://www.redfin.com/CT/Woodbury/73-Main-St-S-06798/unit-1A/home/107120562,,,N,Y,41.5482367,-73.2062499
PAST SALE,,Single Family Residential,340 Painter Hill Rd,Roxbury,CT,06783,240000,,,,1002,341946,2016,,240,,,,,http://www.redfin.com/CT/Roxbury/340-Painter-Hill-Rd-06783/home/107685731,,,N,Y,41.5839494,-73.2720628
PAST SALE,,Vacant Land,POMPERAUG RD,WOODBURY,CT,06798,89000,,,,,604613,,,,,,,,http://www.redfin.com/CT/WOODBURY/POMPERAUG-RD-06798/home/143832313,,,N,Y,41.526508,-73.213477
PAST SALE,January-9-2017,Single Family Residential,26 Orchard St,Plymouth,CT,06786,185000,3,2.5,Terryville,1524,33105,1930,1743,121,,Sold,,,http://www.redfin.com/CT/Terryville/26-Orchard-St-06786/home/107248901,Smart MLS,P10149489,N,Y,41.678396,-73.0169366
PAST SALE,November-17-2016,Single Family Residential,250 Honey Hill Rd,Watertown,CT,06795,264900,3,2.5,Watertown,1720,93654,1979,1796,154,,Sold,,,http://www.redfin.com/CT/Watertown/250-Honey-Hill-Rd-06795/home/107314736,Smart MLS,W10154199,N,Y,41.6341307,-73.1252101
PAST SALE,November-23-2016,Single Family Residential,253 Circle Dr,Torrington,CT,06790,163000,3,1.5,Torrington,1432,12632,1969,1790,114,,Sold,,,http://www.redfin.com/CT/Torrington/253-Circle-Dr-06790/home/107293486,Smart MLS,L10174759,N,Y,41.8047872,-73.0883253
PAST SALE,,Vacant Land,3 Tuccio Ct,New Milford,CT,06776,350000,,,,,152896,,,,,,,,http://www.redfin.com/CT/New-Milford/3-Tuccio-Ct-06776/home/107714937,,,N,Y,41.517868,-73.3992014
PAST SALE,,Other,20 Garrity Ln,Bridgewater,CT,06752,375000,,,,,216493,,,,,,,,http://www.redfin.com/CT/Bridgewater/20-Garrity-Ln-06752/home/107272551,,,N,Y,41.5445733,-73.3592534
PAST SALE,,Vacant Land,BAKER RD,ROXBURY,CT,06783,800000,,,,,7405,,,,,,,,http://www.redfin.com/CT/ROXBURY/BAKER-RD-06783/home/107685864,,,N,Y,41.555706,-73.330116
PAST SALE,March-13-2017,Vacant Land,Mine Hill Rd,New Milford,CT,06776,80000,,,New Milford,,86248,,1680,,,Sold,,,http://www.redfin.com/CT/NEW-MILFORD/MINE-HILL-RD-06776/home/107725673,Smart MLS,99172223,N,Y,41.573633,-73.355136
PAST SALE,December-9-2016,Single Family Residential,234 Preston Rd,Plymouth,CT,06786,550000,4,4.0,Terryville,4878,198633,1988,1774,113,,Sold,,,http://www.redfin.com/CT/Terryville/234-Preston-Rd-06786/home/107247296,Smart MLS,L10174011,N,Y,41.6979919,-73.0209397
PAST SALE,,Condo/Co-op,3 Seminole Cir,Bantam,CT,06750,384900,2,2.5,,1926,,2016,,200,,,,,http://www.redfin.com/CT/Bantam/3-Seminole-Cir-06750/home/142713616,,,N,Y,41.7227648,-73.2289959
PAST SALE,November-18-2016,Single Family Residential,976 Bantam Rd,Litchfield,CT,06750,105000,4,2.0,Bantam,1544,37026,1900,1795,68,,Sold,,,http://www.redfin.com/CT/Bantam/976-Bantam-Rd-06750/home/107167852,Smart MLS,L10133474,N,Y,41.723946,-73.2441347
PAST SALE,June-19-2017,Vacant Land,0 Flintlock Rd,Watertown,CT,06795,85000,,,Watertown,,44866,,1582,,,Sold,,,http://www.redfin.com/CT/Watertown/Flintlock-Rd-06795/home/144526990,Smart MLS,W10203315,N,Y,41.59128,-73.132376
PAST SALE,January-9-2019,Vacant Land,Lot 7 Loop Rd,Watertown,CT,06795,100000,,,Highview,,97574,,1013,,,Sold,,,http://www.redfin.com/CT/Watertown/7-Loop-Rd-06795/home/145549707,Smart MLS,170073873,N,Y,41.5852206,-73.1110387
PAST SALE,October-31-2017,Single Family Residential,96 Railtree Hill Rd,Woodbury,CT,06798,525000,3,2.5,Woodbury,2739,122403,1795,1448,192,,Sold,,,http://www.redfin.com/CT/Woodbury/96-Railtree-Hill-Rd-06798/home/107120607,Smart MLS,L10170559,N,Y,41.5470772,-73.2348608
PAST SALE,April-27-2018,Single Family Residential,102 Circle Dr,Litchfield,CT,06750,142000,2,2.0,Bantam,1409,18295,1942,1270,101,,Sold,,,http://www.redfin.com/CT/Bantam/102-Circle-Dr-06750/home/107167617,Smart MLS,170006728,N,Y,41.7196996,-73.237237
PAST SALE,December-14-2016,Single Family Residential,338 Brick School Rd,Warren,CT,06754,340000,2,1.0,Warren,850,821541,1960,1769,400,,Sold,,,http://www.redfin.com/CT/Warren/338-Brick-School-Rd-06754/home/107620706,Smart MLS,L10054896,N,Y,41.7710826,-73.3622589
PAST SALE,June-29-2018,Single Family Residential,159 Cornwall Rd,Warren,CT,06754,239000,2,1.0,Warren,840,169884,1982,1207,285,,Sold,,,http://www.redfin.com/CT/Warren/159-Cornwall-Rd-06754/home/107620711,Smart MLS,170076892,N,Y,41.766042,-73.3512279
PAST SALE,November-4-2016,Single Family Residential,41 Baker Rd,Roxbury,CT,06783,310000,4,3.0,Roxbury,1967,108900,1957,1809,158,,Sold,,,http://www.redfin.com/CT/Roxbury/41-Baker-Rd-06783/home/107685815,Smart MLS,A10124359,N,Y,41.5673437,-73.3229019
PAST SALE,July-23-2018,Single Family Residential,22 Church St,Washington,CT,06777,399000,3,2.5,New Preston,1620,30491,1918,1183,246,,Sold,,,http://www.redfin.com/CT/New-Preston/22-Church-St-06777/home/107172820,Smart MLS,170096021,N,Y,41.6754867,-73.3574586
PAST SALE,,Single Family Residential,452 Chestnut Land Rd,New Milford,CT,06776,201100,3,1.5,,1345,72745,1952,,150,,,,,http://www.redfin.com/CT/New-Milford/452-Chestnut-Land-Rd-06776/home/107717248,,,N,Y,41.6322797,-73.3590111
PAST SALE,September-1-2017,Single Family Residential,80 Canfield Dr,Bridgewater,CT,06752,279900,3,1.5,Bridgewater,1555,50965,1968,1508,180,,Sold,,,http://www.redfin.com/CT/Bridgewater/80-Canfield-Dr-06752/home/107272272,Smart MLS,99172178,N,Y,41.5327369,-73.3614519
PAST SALE,,Single Family Residential,36 Keeler Rd,Bridgewater,CT,06752,490000,4,2.5,,3476,95832,1989,,141,,,,,http://www.redfin.com/CT/Bridgewater/36-Keeler-Rd-06752/home/107272361,,,N,Y,41.5296277,-73.3410707
PAST SALE,,Single Family Residential,18 Reverie Ln,Warren,CT,06754,338000,3,2.0,,2020,105851,1987,,167,,,,,http://www.redfin.com/CT/Warren/18-Reverie-Ln-06754/home/107621104,,,N,Y,41.7663258,-73.3442273
PAST SALE,June-23-2017,Single Family Residential,54 Lime Rock Sta,Canaan,CT,06031,562500,3,2.5,Falls Village,2461,50965,1935,1578,229,,Sold,,,http://www.redfin.com/CT/Falls-Village/54-Lime-Rock-Sta-06031/home/107077164,Smart MLS,L10209482,N,Y,41.9279693,-73.3568753
PAST SALE,December-1-2016,Single Family Residential,18 Hoopersfield Dr,Sharon,CT,06069,287500,4,4.5,Sharon,1664,91476,1979,1782,173,,Sold,,,http://www.redfin.com/CT/Sharon/18-Hooperfields-Dr-06069/home/107175762,Smart MLS,L10109155,N,Y,41.8575503,-73.480605
PAST SALE,September-17-2018,Single Family Residential,136 Interlaken Rd,Salisbury,CT,06039,887500,4,3.0,Lakeville,2621,196020,1957,1127,339,,Sold,,,http://www.redfin.com/CT/Lakeville/136-Interlaken-Rd-06039/home/107174321,Smart MLS,170024910,N,Y,41.949699,-73.4529866
PAST SALE,,Single Family Residential,90 Calkinstown Rd,Sharon,CT,06069,,6,4.5,,5435,151589,1789,,,,Sold,,,http://www.redfin.com/CT/Sharon/90-Calkinstown-Rd-06069/home/107177757,Smart MLS,,N,Y,41.8858761,-73.4603518
PAST SALE,September-29-2018,Single Family Residential,28 Studio Hill Rd,Kent,CT,06757,630000,3,2.5,Kent,2371,457380,1949,1115,266,,Sold,,,http://www.redfin.com/CT/Kent/28-Studio-Hill-Rd-06757/home/107316216,Smart MLS,170064178,N,Y,41.737131,-73.453078
PAST SALE,March-29-2018,Condo/Co-op,16 Elizabeth St #19,Kent,CT,06757,139900,2,1.5,Kent,1232,,1980,1299,114,305,Sold,,,http://www.redfin.com/CT/Kent/16-Elizabeth-St-06757/unit-19/home/107316574,Smart MLS,L10223283,N,Y,41.7269543,-73.4791091
PAST SALE,February-17-2018,Single Family Residential,18 Sharon Tpke,Goshen,CT,06756,132000,3,3.0,Goshen,1778,20473,1869,1339,74,,Sold,,,http://www.redfin.com/CT/Goshen/18-Sharon-Tpke-06756/home/144517979,Smart MLS,L10197860,N,Y,41.8318815,-73.227027
PAST SALE,January-17-2017,Single Family Residential,5 Pine Ln,New Milford,CT,06776,267500,3,3.0,Cedar Knolls,2636,17859,1968,1735,101,225,Sold,,,http://www.redfin.com/CT/New-Milford/5-Pine-Ln-06776/home/107728534,Smart MLS,99164686,N,Y,41.5462485,-73.4165247
PAST SALE,July-2-2018,Single Family Residential,29 Boxwood Ln,New Milford,CT,06776,442500,4,2.5,New Milford,2762,50093,2001,1204,160,,Sold,,,http://www.redfin.com/CT/New-Milford/29-Boxwood-Ln-06776/home/107708299,Smart MLS,170065283,N,Y,41.5110007,-73.407132
PAST SALE,August-27-2018,Single Family Residential,48 Sullivan Rd,New Milford,CT,06776,225000,3,2.0,New Milford,1262,43560,1964,1148,178,,Sold,,,http://www.redfin.com/CT/New-Milford/48-Sullivan-Rd-06776/home/107723964,Smart MLS,170091516,N,Y,41.5306803,-73.4286794
PAST SALE,,Condo/Co-op,6 Hickory Ln,Woodbury,CT,06798,128500,2,2.5,,1249,,1974,,103,,,,,http://www.redfin.com/CT/Woodbury/6-Hickory-Ln-06798/home/107120346,,,N,Y,41.5201421,-73.229899
PAST SALE,,Condo/Co-op,9 Summit Ct,Woodbury,CT,06798,112000,2,2.0,,1456,,1979,,77,,,,,http://www.redfin.com/CT/Woodbury/9-Summit-Ct-06798/home/107122862,,,N,Y,41.5126297,-73.2292008
PAST SALE,November-27-2019,Vacant Land,94 Pomperaug Rd,Woodbury,CT,06798,63000,,,Woodbury,,151588,,691,,,Sold,,,http://www.redfin.com/CT/Woodbury/94-Pomperaug-Rd-06798/home/107120382,Smart MLS,170221243,N,Y,41.524309,-73.21424
PAST SALE,September-25-2018,Vacant Land,26 Hurds Hill Rd,Woodbury,CT,06798,333000,,,Woodbury,,1845201,,1119,,,Sold,,,http://www.redfin.com/CT/Woodbury/26-Hurds-Hill-Rd-06798/home/143832408,Smart MLS,170071573,N,Y,41.51872,-73.179485
PAST SALE,June-23-2017,Single Family Residential,2 Owens Ln,New Milford,CT,06776,449000,4,3.5,Northville,3153,157251,2006,1578,142,,Sold,,,http://www.redfin.com/CT/New-Milford/2-Owens-Ln-06776/home/107704241,Smart MLS,F10218335,N,Y,41.6163175,-73.3971864
PAST SALE,February-5-2018,Single Family Residential,5 Charterhouse Rd,New Milford,CT,06776,240000,3,1.0,New Milford,1388,20037,1968,1351,173,,Sold,,,http://www.redfin.com/CT/New-Milford/5-Charterhouse-Rd-06776/home/107724010,Smart MLS,170018977,N,Y,41.6100499,-73.3853523
PAST SALE,March-29-2018,Single Family Residential,3 Elbo Dr,New Milford,CT,06776,105723,3,2.0,New Milford,1124,141134,1950,1299,94,,Sold,,,http://www.redfin.com/CT/New-Milford/3-Elbo-Dr-06776/home/107726236,Smart MLS,170032689,N,Y,41.6186721,-73.4292357
PAST SALE,March-17-2017,Condo/Co-op,106 Belair Dr #106,New Milford,CT,06776,64000,2,1.0,New Milford,840,,1969,1676,76,255,Sold,,,http://www.redfin.com/CT/New-Milford/106-Belair-Dr-06776/unit-106/home/144511732,Smart MLS,B10195560,N,Y,41.6051983,-73.4050894
PAST SALE,June-26-2018,Single Family Residential,30 Park Ln W,New Milford,CT,06776,172500,3,1.5,New Milford,1286,16552,1960,1210,134,,Sold,,,http://www.redfin.com/CT/New-Milford/30-Park-Ln-W-06776/home/107711137,Smart MLS,170083292,N,Y,41.5952126,-73.4115061
PAST SALE,July-16-2018,Single Family Residential,4 Cathryn St,New Milford,CT,06776,235200,3,2.0,New Milford,2480,19602,1988,1190,95,,Sold,,,http://www.redfin.com/CT/New-Milford/4-Cathryn-St-06776/home/107714060,Smart MLS,170079780,N,Y,41.606854,-73.4075925
PAST SALE,September-11-2018,Single Family Residential,54 Putnam Rd,New Milford,CT,06776,319000,4,2.5,Merryall,2198,42253,1984,1133,145,,Sold,,,http://www.redfin.com/CT/New-Milford/54-Putnam-Rd-06776/home/107701435,Smart MLS,170057921,N,Y,41.6172703,-73.4282229
PAST SALE,,Condo/Co-op,37 Canterbury Ct,New Milford,CT,06776,153000,2,1.5,,1042,,1985,,147,,,,,http://www.redfin.com/CT/New-Milford/37-Canterbury-Ct-06776/home/107714884,,,N,Y,41.5881275,-73.4173165
PAST SALE,December-4-2017,Single Family Residential,14 Wood Creek Rd,New Milford,CT,06776,522000,4,3.5,Merryall,3695,110206,2005,1414,141,,Sold,,,http://www.redfin.com/CT/New-Milford/14-Wood-Creek-Rd-06776/home/107723878,Smart MLS,170023112,N,Y,41.6340867,-73.4246049
PAST SALE,February-28-2018,Single Family Residential,10 Landmark Dr,Bridgewater,CT,06752,550000,5,3.5,Bridgewater,5371,98881,1998,1328,102,33,Sold,,,http://www.redfin.com/CT/Bridgewater/10-Landmark-Dr-06752/home/107272737,Smart MLS,F10224918,N,Y,41.4947259,-73.3721821
PAST SALE,October-2-2018,Single Family Residential,6 Easy St,Woodbury,CT,06798,180000,3,1.5,Woodbury,1562,31363,1847,1112,115,,Sold,,,http://www.redfin.com/CT/Woodbury/6-Easy-St-06798/home/107122692,Smart MLS,170094077,N,Y,41.5630713,-73.2149073
PAST SALE,July-5-2018,Single Family Residential,37 Elephant Rock Rd,Woodbury,CT,06798,272000,2,1.0,Woodbury,1196,103237,1974,1201,227,,Sold,,,http://www.redfin.com/CT/Woodbury/37-Elephant-Rock-Rd-06798/home/107121921,Smart MLS,170082479,N,Y,41.5642496,-73.202568
PAST SALE,December-20-2017,Single Family Residential,44 River Rd,Cornwall,CT,06796,164000,4,2.0,West Cornwall,1716,70567,1953,1398,96,,Sold,,,http://www.redfin.com/CT/West-Cornwall/44-River-Rd-06796/home/107275711,Smart MLS,L10191035,N,Y,41.8771324,-73.3638047
PAST SALE,May-18-2017,Single Family Residential,86 Popple Swamp Rd,Cornwall,CT,06754,300000,4,1.5,Cornwall,1998,348480,1920,1614,150,,Sold,,,http://www.redfin.com/CT/Cornwall-Bridge/86-Popple-Swamp-Rd-06754/home/107275395,Smart MLS,L10221164,N,Y,41.8368192,-73.3665516
PAST SALE,September-5-2018,Single Family Residential,3 Meredith Ln,New Milford,CT,06776,465000,4,2.5,Town Ridge,3579,81021,2003,1139,130,,Sold,,,http://www.redfin.com/CT/New-Milford/3-Meredith-Ln-06776/home/107725660,Smart MLS,170017452,N,Y,41.5584045,-73.397785
PAST SALE,July-16-2018,Single Family Residential,83 Painter Hill Rd,Woodbury,CT,06798,315000,4,3.0,Woodbury,2384,585010,1797,1190,132,,Sold,,,http://www.redfin.com/CT/Woodbury/83-Painter-Hill-Rd-06798/home/109703561,Smart MLS,170084128,N,Y,41.5837849,-73.2584867
PAST SALE,March-9-2018,Single Family Residential,31 Ridge Rd,New Milford,CT,06776,315000,3,2.5,New Milford,1776,131986,1988,1319,177,,Sold,,,http://www.redfin.com/CT/New-Milford/31-Ridge-Rd-06776/home/107695835,Smart MLS,99189565,N,Y,41.5825334,-73.3684062
PAST SALE,August-2-2018,Single Family Residential,1 Fordyce Hts,New Milford,CT,06776,257000,3,2.5,New Milford,1176,19602,1988,1173,219,,Sold,,,http://www.redfin.com/CT/New-Milford/1-Fordyce-Hts-06776/home/107696466,Smart MLS,170077784,N,Y,41.5661953,-73.401929
PAST SALE,August-14-2018,Condo/Co-op,15 Old Farms Ln #15,New Milford,CT,06776,160000,2,1.5,New Milford,1508,,1971,1161,106,231,Sold,,,http://www.redfin.com/CT/New-Milford/15-Old-Farms-Ln-06776/unit-15/home/175510581,Smart MLS,170099929,N,Y,41.5571465,-73.3950314
PAST SALE,January-17-2017,Multi-Family (2-4 Unit),370 High St,Torrington,CT,06790,135000,5,3.0,Torrington,2302,6969,1937,1735,59,,Sold,,,http://www.redfin.com/CT/Torrington/370-High-St-06790/home/107288491,Smart MLS,L10163884,N,Y,41.7972016,-73.1279301
PAST SALE,January-4-2017,Single Family Residential,180 Stilson Hill Rd,New Milford,CT,06776,394000,4,3.0,New Milford,2552,121967,1997,1748,154,,Sold,,,http://www.redfin.com/CT/New-Milford/180-Stilson-Hill-Rd-06776/home/107726105,Smart MLS,99163967,N,Y,41.6060969,-73.4752197
PAST SALE,October-31-2016,Condo/Co-op,22 Fiddlehead Dr #22,New Milford,CT,06776,232450,1,1.5,New Milford,1542,,2016,1813,151,220,Sold,,,http://www.redfin.com/CT/New-Milford/22-Fiddlehead-Dr-06776/unit-22/home/144534160,Smart MLS,F10137992,N,Y,41.5928041,-73.453975
PAST SALE,April-28-2017,Single Family Residential,7 Gaylord Rd,New Milford,CT,06755,210000,3,1.0,Gaylordsville,1076,13068,1928,1634,195,,Sold,,,http://www.redfin.com/CT/Gaylordsville/7-Gaylord-Rd-06755/home/107691821,Smart MLS,99175610,N,Y,41.64121,-73.4845288
PAST SALE,,Condo/Co-op,262 Willow Spgs,New Milford,CT,06776,140000,1,1.0,,1038,,1985,,135,,,,,http://www.redfin.com/CT/New-Milford/262-Willow-Spgs-06776/home/107710853,,,N,Y,41.5429298,-73.4248951
PAST SALE,April-4-2017,Single Family Residential,9 Hemlock Ln,New Milford,CT,06755,358000,3,2.5,Gaylordsville,2262,45738,1986,1658,158,,Sold,,,http://www.redfin.com/CT/Gaylordsville/9-Hemlock-Ln-06755/home/107717352,Smart MLS,99151538,N,Y,41.6416624,-73.4930782
PAST SALE,,Condo/Co-op,256 Willow Spgs,New Milford,CT,06776,185000,3,1.5,,1776,,1985,,104,,,,,http://www.redfin.com/CT/New-Milford/256-Willow-Spgs-06776/home/107720323,,,N,Y,41.5429366,-73.4251146
PAST SALE,,Condo/Co-op,43 Beard Dr,New Milford,CT,06776,185000,2,2.5,,1428,,1992,,130,,,,,http://www.redfin.com/CT/New-Milford/43-Beard-Dr-06776/home/107725877,,,N,Y,41.5707746,-73.4056449
PAST SALE,November-11-2016,Single Family Residential,6 Candlewood Lndg #6,New Milford,CT,06776,460000,3,2.0,Candlewood Lake,2001,435,1950,1802,230,3222,Sold,,,http://www.redfin.com/CT/New-Milford/6-Candlewood-Lndg-06776/unit-6/home/144521434,Smart MLS,99157752,N,Y,41.5537012,-73.4455926
PAST SALE,November-1-2017,Single Family Residential,208 Aspetuck Ridge Rd,New Milford,CT,06776,320000,4,3.5,Merryall,2904,40075,1984,1447,110,,Sold,,,http://www.redfin.com/CT/New-Milford/208-Aspetuck-Ridge-Rd-06776/home/107724041,Smart MLS,99192528,N,Y,41.6072342,-73.429416
PAST SALE,,Condo/Co-op,27 Aspetuck Vlg,New Milford,CT,06776,74000,1,1.0,,578,,1982,,128,,,,,http://www.redfin.com/CT/New-Milford/27-Aspetuck-Vlg-06776/home/107720687,,,N,Y,41.5899007,-73.4206547
PAST SALE,,Single Family Residential,18 Pine Dr,New Milford,CT,06776,186000,2,1.0,,880,8712,1963,,211,,,,,http://www.redfin.com/CT/New-Milford/18-Pine-Dr-06776/home/107721196,,,N,Y,41.5384578,-73.4381171
PAST SALE,January-16-2018,Single Family Residential,27 Candlewood Cmn,New Milford,CT,06776,495000,3,3.0,Candlewood Lake,3045,25264,1995,1371,163,,Sold,,,http://www.redfin.com/CT/New-Milford/27-Candlewood-Cmn-06776/home/107704835,Smart MLS,99190661,N,Y,41.5598735,-73.445787
PAST SALE,December-28-2017,Single Family Residential,5 Rue Nicole,Barkhamsted,CT,06063,315000,4,2.5,Barkhamsted,2762,48787,2004,1390,114,,Sold,,,http://www.redfin.com/CT/Barkhamsted/5-Rue-Nicole-06063/home/107033268,Smart MLS,170027118,N,Y,41.8948549,-73.0126745
PAST SALE,October-2-2017,Single Family Residential,48 Robertsville Rd,Barkhamsted,CT,06065,340000,3,1.5,Riverton,2601,1545508,1790,1477,131,,Sold,,,http://www.redfin.com/CT/Riverton/48-Robertsville-Rd-06065/home/107033277,Smart MLS,G10240835,N,Y,41.9658676,-73.0264771
PAST SALE,,Single Family Residential,139 Millerton Rd,Sharon,CT,06069,1700000,6,7.0,,5534,571943,1989,,307,,,,,http://www.redfin.com/CT/Sharon/139-Millerton-Rd-06069/home/107176199,,,N,Y,41.8981987,-73.4924815
PAST SALE,,Single Family Residential,3 Dunbar Rd,Sharon,CT,06069,,4,3.0,,3004,42689,1730,,,,Sold,,,http://www.redfin.com/CT/Sharon/3-Dunbar-Rd-06069/home/107176861,Smart MLS,,N,Y,41.8312343,-73.4280348
PAST SALE,May-5-2017,Single Family Residential,1776 Mountain Rd,Torrington,CT,06790,255000,3,2.5,Torrington,1881,112384,1993,1627,136,,Sold,,,http://www.redfin.com/CT/Torrington/1776-Mountain-Rd-06790/home/107292050,Smart MLS,L10173624,N,Y,41.8503052,-73.1387638
PAST SALE,April-19-2017,Single Family Residential,108 Bentley Cir,Goshen,CT,06756,500000,4,2.5,Woodridge Lake,2810,53578,1999,1643,178,129,Sold,,,http://www.redfin.com/CT/Goshen/108-Bentley-Cir-06756/home/107318509,Smart MLS,L10149963,N,Y,41.8236299,-73.2589592
PAST SALE,,Single Family Residential,109 BLUE ST,WINSTED,CT,06098,235000,2,2.0,,1193,6098,1938,,197,,,,,http://www.redfin.com/CT/WINSTED/109-BLUE-ST-06098/home/107323373,,,N,Y,41.898381,-73.15526
PAST SALE,June-28-2017,Condo/Co-op,111 Torringford St #43,Winchester,CT,06098,93000,2,2.0,Winsted,1102,,1987,1573,84,250,Sold,,,http://www.redfin.com/CT/Winsted/111-Torringford-St-06098/unit-43/home/107323480,Smart MLS,L10197692,N,Y,41.9115568,-73.0552337
PAST SALE,August-11-2017,Single Family Residential,59 Overlook Rd,Winchester,CT,06098,183000,3,2.0,Winsted,1684,22651,1950,1529,109,,Sold,,,http://www.redfin.com/CT/Winsted/59-Overlook-Rd-06098/home/107609687,Smart MLS,L10218879,N,Y,41.9207112,-73.0913063
PAST SALE,December-29-2017,Single Family Residential,151 Main St,Winchester,CT,06098,119900,8,3.5,Winchester,4817,18730,1895,1389,25,,Sold,,,http://www.redfin.com/CT/Winsted/151-Main-St-06098/home/144529993,Smart MLS,W10211099,N,Y,41.9210659,-73.06373
PAST SALE,April-28-2017,Single Family Residential,410 Funston Ave,Torrington,CT,06790,169000,4,2.5,Torrington,2112,22651,1984,1634,80,,Sold,,,http://www.redfin.com/CT/Torrington/410-Funston-Ave-06790/home/107294465,Smart MLS,L10197455,N,Y,41.7975946,-73.139317
PAST SALE,August-1-2017,Single Family Residential,92 Railroad St,Canaan,CT,06031,160000,3,2.0,Falls Village,1680,32670,1959,1539,95,,Sold,,,http://www.redfin.com/CT/Canaan/92-Railroad-St-06031/home/107077306,Smart MLS,F10206462,N,Y,41.9514383,-73.3621427
PAST SALE,June-12-2017,Single Family Residential,37 Hickory Knls,New Hartford,CT,06057,390000,3,2.5,New Hartford,2713,145054,1995,1589,144,,Sold,,,http://www.redfin.com/CT/NEW-HARTFORD/37-HICKORY-KNLS-06057/home/107320592,Smart MLS,E10213430,N,Y,41.830476,-73.047145
PAST SALE,July-28-2017,Single Family Residential,144 Mount Pleasant Ter,Torrington,CT,06790,100000,2,1.5,Torrington,1040,5227,1991,1543,96,,Sold,,,http://www.redfin.com/CT/Torrington/144-Mt-Pleasant-Ter-06790/home/107290020,Smart MLS,G10224673,N,Y,41.8007819,-73.1371503
PAST SALE,,Condo/Co-op,30 Rockledge Loop,Torrington,CT,06790,97500,2,2.0,,1095,,1986,,89,,,,,http://www.redfin.com/CT/Torrington/30-Rockledge-Loop-06790/home/107287724,,,N,Y,41.8332337,-73.0947805
PAST SALE,May-1-2017,Multi-Family (2-4 Unit),29 Roosevelt Ave,Torrington,CT,06790,40000,,,Torrington,1814,12196,1920,1631,22,,Sold,,,http://www.redfin.com/CT/Torrington/29-Roosevelt-Ave-06790/home/107290355,Smart MLS,P10197299,N,Y,41.7968997,-73.1301891
PAST SALE,November-1-2017,Single Family Residential,212 Greenwoods Rd,Torrington,CT,06790,148900,4,3.0,Torrington,1797,25264,1940,1447,83,,Sold,,,http://www.redfin.com/CT/Torrington/212-Greenwoods-Rd-06790/home/107294080,Smart MLS,170001383,N,Y,41.867672,-73.0790571
PAST SALE,October-27-2017,Single Family Residential,126 Torrington Heights Rd,Torrington,CT,06790,109900,2,1.5,Torrington,1274,6534,1950,1452,86,,Sold,,,http://www.redfin.com/CT/Torrington/126-Torrington-Heights-Rd-06790/home/107283659,Smart MLS,L10213673,N,Y,41.8062509,-73.1072756
PAST SALE,September-26-2017,Single Family Residential,91 Wheeler Ln,Torrington,CT,06790,120000,3,1.0,Torrington,1248,6534,1946,1483,96,,Sold,,,http://www.redfin.com/CT/Torrington/91-Wheeler-Ln-06790/home/107290224,Smart MLS,170002679,N,Y,41.8129604,-73.1043275
PAST SALE,March-17-2017,Single Family Residential,96 Spring St,Torrington,CT,06790,55000,3,1.0,Torrington,1050,4791,1941,1676,52,,Sold,,,http://www.redfin.com/CT/Torrington/96-Spring-St-06790/home/107286849,Smart MLS,P10183665,N,Y,41.807891,-73.1371964
PAST SALE,May-31-2017,Single Family Residential,150 Marshall St,Torrington,CT,06790,114000,4,1.5,Torrington,1110,14810,1957,1601,103,,Sold,,,http://www.redfin.com/CT/Torrington/150-Marshall-St-06790/home/107291226,Smart MLS,G10189137,N,Y,41.8492134,-73.0856696
PAST SALE,August-31-2017,Single Family Residential,35 Tioga St,Torrington,CT,06790,139000,2,1.5,Torrington,1114,6969,1953,1509,125,,Sold,,,http://www.redfin.com/CT/Torrington/35-Tioga-St-06790/home/107294635,Smart MLS,L10169604,N,Y,41.8124369,-73.10293
PAST SALE,June-21-2017,Multi-Family (2-4 Unit),72 Hoffman St,Torrington,CT,06790,88000,4,2.0,Torrington,1664,8276,1900,1580,53,,Sold,,,http://www.redfin.com/CT/Torrington/72-Hoffman-St-06790/home/107296840,Smart MLS,G10212581,N,Y,41.7996277,-73.1307423
PAST SALE,,Condo/Co-op,263 Cliffside Dr,Torrington,CT,06790,90000,3,2.5,,1888,,1978,,48,,,,,http://www.redfin.com/CT/Torrington/263-Cliffside-Dr-06790/home/107284070,,,N,Y,41.872035,-73.1130074
PAST SALE,August-31-2017,Condo/Co-op,505 Harwinton Ave #18,Torrington,CT,06790,95000,2,1.5,Torrington,1606,,1988,1509,59,275,Sold,,,http://www.redfin.com/CT/Torrington/505-Harwinton-Ave-06790/unit-18/home/107288190,Smart MLS,L10221066,N,Y,41.7936302,-73.1069553
PAST SALE,January-26-2018,Single Family Residential,282 Roosevelt Ave,Torrington,CT,06790,149000,3,1.5,Torrington,2001,10454,1991,1361,74,,Sold,,,http://www.redfin.com/CT/Torrington/282-Roosevelt-Ave-06790/home/107284698,Smart MLS,170022931,N,Y,41.7966946,-73.1371042
PAST SALE,January-25-2018,Single Family Residential,203 Ascot Ln,Torrington,CT,06790,145000,3,2.5,Torrington,1892,3920,2003,1362,77,95,Sold,,,http://www.redfin.com/CT/Torrington/203-Ascot-Ln-06790/home/107283814,Smart MLS,170003299,N,Y,41.8636314,-73.0665606
PAST SALE,October-27-2017,Multi-Family (2-4 Unit),30 Smith St,Torrington,CT,06790,55000,6,2.0,Torrington,2213,11761,1930,1452,25,,Sold,,,http://www.redfin.com/CT/Torrington/30-Smith-St-06790/home/107286060,Smart MLS,F10237244,N,Y,41.8048702,-73.1360142
PAST SALE,August-18-2017,Multi-Family (2-4 Unit),57 Grove St,Torrington,CT,06790,114900,0,,Torrington,1843,13068,1900,1522,62,,Sold,,,http://www.redfin.com/CT/Torrington/57-Grove-St-06790/home/107293967,Smart MLS,L10228687,N,Y,41.8075711,-73.1190323
PAST SALE,October-11-2017,Single Family Residential,311 E Wakefield Blvd,Winchester,CT,06098,189900,3,2.0,Winsted,1456,15681,1970,1468,130,,Sold,,,http://www.redfin.com/CT/Winsted/311-E-Wakefield-Blvd-06098/home/107607353,Smart MLS,170003164,N,Y,41.9138466,-73.0889722
PAST SALE,,Other,360 W Side Rd,Goshen,CT,06756,260000,,,,,51836,,,,,,,,http://www.redfin.com/CT/Goshen/360-W-Side-Rd-06756/home/107318053,,,N,Y,41.8544322,-73.2596043
PAST SALE,October-6-2017,Single Family Residential,8 Arbor Ridge Rd,Torrington,CT,06790,206000,3,3.0,Torrington,1900,7840,2016,1473,108,58,Sold,,,http://www.redfin.com/CT/Torrington/8-Arbor-Ridge-Rd-06790/home/107291501,Smart MLS,L10209740,N,Y,41.858848,-73.0671139
PAST SALE,,Single Family Residential,22 Pinch of Rocks Rd,Sharon,CT,06069,317000,4,2.0,,1785,180338,1983,,178,,,,,http://www.redfin.com/CT/Sharon/22-Pinch-of-Rocks-Rd-06069/home/107177136,,,N,Y,41.8571849,-73.4617328
PAST SALE,,Single Family Residential,139 Marshall St,Winsted,CT,06098,246000,3,2.5,,2464,34412,1990,,100,,,,,http://www.redfin.com/CT/Winsted/139-Marshall-St-06098/home/107323588,,,N,Y,41.9518136,-73.0906539
PAST SALE,November-20-2017,Single Family Residential,116 Torringford St W,Torrington,CT,06790,99500,3,1.0,Torrington,980,12196,1950,1428,102,,Sold,,,http://www.redfin.com/CT/Torrington/116-W-Torringford-St-06790/home/107287231,Smart MLS,170004205,N,Y,41.8084648,-73.0949189
PAST SALE,August-1-2017,Single Family Residential,520 N Goshen Rd,Goshen,CT,06756,325000,3,2.0,Goshen,1528,174675,1990,1539,213,,Sold,,,http://www.redfin.com/CT/Goshen/520-N-Goshen-Rd-06756/home/107318660,Smart MLS,L10221260,N,Y,41.8975568,-73.2284791
PAST SALE,July-5-2017,Single Family Residential,52 Park Rd,Barkhamsted,CT,06063,240000,3,2.5,Barkhamsted,1780,19602,2016,1566,135,,Sold,,,http://www.redfin.com/CT/Barkhamsted/52-Park-Rd-06063/home/107032186,Smart MLS,G10206466,N,Y,41.9275187,-72.9716915
PAST SALE,December-11-2017,Single Family Residential,64 Gavitt Rd,Barkhamsted,CT,06063,385000,3,3.5,Barkhamsted,3482,163350,2005,1407,111,,Sold,,,http://www.redfin.com/CT/Barkhamsted/64-Gavitt-Rd-06063/home/107032269,Smart MLS,G10215672,N,Y,41.942475,-72.9092328
PAST SALE,May-17-2017,Single Family Residential,124 Gavitt Rd,Barkhamsted,CT,06063,145000,3,2.5,Barkhamsted,1411,32670,2000,1615,103,,Sold,,,http://www.redfin.com/CT/Barkhamsted/124-Gavitt-Rd-06063/home/107032666,Smart MLS,G10199552,N,Y,41.9470299,-72.9004819
PAST SALE,December-28-2017,Single Family Residential,652 Litchfield Tpke,New Hartford,CT,06057,280000,3,2.0,Pine Meadow,2338,130680,1970,1390,120,,Sold,,,http://www.redfin.com/CT/New-Hartford/652-Litchfield-Tpke-06057/home/107319624,Smart MLS,170026327,N,Y,41.8305471,-72.9875077
PAST SALE,January-26-2018,Single Family Residential,390 Main St,New Hartford,CT,06057,265000,5,1.5,Pine Meadow,2860,17424,1906,1361,93,,Sold,,,http://www.redfin.com/CT/NEW-HARTFORD/390-MAIN-ST-06057/home/107321492,Smart MLS,L10157393,N,Y,41.875243,-72.966941
PAST SALE,June-30-2017,Single Family Residential,238 Ratlum Rd,New Hartford,CT,06057,336000,3,3.0,New Hartford,2571,98445,1987,1571,131,,Sold,,,http://www.redfin.com/CT/New-Hartford/238-Ratlum-Rd-06057/home/107321663,Smart MLS,G10192415,N,Y,41.8919275,-72.9428995
PAST SALE,December-21-2017,Single Family Residential,31 Garrett Ridge Ct,New Hartford,CT,06057,495000,4,4.0,New Hartford,3293,87120,2008,1397,150,,Sold,,,http://www.redfin.com/CT/New-Hartford/31-Garret-Ridge-Ct-06057/home/107321013,Smart MLS,G10228515,N,Y,41.8152953,-72.9770424
PAST SALE,July-31-2017,Single Family Residential,275 Dibble Hill Rd,Cornwall,CT,06796,635000,2,4.0,West Cornwall,2540,51836,1995,1540,250,,Sold,,,http://www.redfin.com/CT/West-Cornwall/275-Dibble-Hill-Rd-06796/home/107275972,Smart MLS,L10223002,N,Y,41.8753485,-73.3525635
PAST SALE,May-5-2017,Single Family Residential,73 Birdsview Ave,New Hartford,CT,06057,159900,3,1.0,New Hartford,1116,21780,1965,1627,143,,Sold,,,http://www.redfin.com/CT/New-Hartford/73-Birdsview-Ter-06057/home/107319615,Smart MLS,L10191612,N,Y,41.828624,-73.021166
PAST SALE,April-4-2017,Single Family Residential,430 Town Hill Rd,New Hartford,CT,06057,750000,4,4.0,New Hartford,4102,355885,2003,1658,183,,Sold,,,http://www.redfin.com/CT/New-Hartford/430-Town-Hill-Rd-06057/home/107320983,Smart MLS,G10185930,N,Y,41.8629406,-72.9979156
PAST SALE,October-20-2017,Single Family Residential,213 Perch Rock Trl,Winchester,CT,06098,147500,3,1.0,Winsted,1248,10018,1965,1459,118,,Sold,,,http://www.redfin.com/CT/Winsted/213-Perch-Rock-Trl-06098/home/107322767,Smart MLS,170012685,N,Y,41.9156518,-73.0890976
PAST SALE,June-30-2017,Condo/Co-op,4 Saint Andrews CL #4,Torrington,CT,06790,107000,2,1.5,Torrington,1200,,1986,1571,89,240,Sold,,,http://www.redfin.com/CT/Torrington/4-St-Andrews-Close-06790/unit-4/home/144521842,Smart MLS,L10203651,N,Y,41.8349262,-73.0939439
PAST SALE,August-31-2017,Single Family Residential,58 PINE St,Torrington,CT,06790,105000,3,1.0,Torrington,1386,11761,1952,1509,76,,Sold,,,http://www.redfin.com/CT/Torrington/58-Pine-St-06790/home/107285049,Smart MLS,L10240479,N,Y,41.8142993,-73.1310304
PAST SALE,June-30-2017,Single Family Residential,239 Dorothy Dr,Torrington,CT,06790,189900,3,1.5,Torrington,1248,20473,1963,1571,152,,Sold,,,http://www.redfin.com/CT/Torrington/239-Dorothy-Dr-06790/home/107295668,Smart MLS,L10212916,N,Y,41.8113661,-73.0746304
PAST SALE,,Condo/Co-op,351 Ledge Dr,Torrington,CT,06790,77500,2,2.0,,1612,,1977,,48,,,,,http://www.redfin.com/CT/Torrington/351-Ledge-Dr-06790/home/107296261,,,N,Y,41.8767405,-73.1090146
PAST SALE,May-5-2017,Single Family Residential,1517 Torringford St,Torrington,CT,06790,156000,4,1.5,Torrington,2525,19602,1900,1627,62,,Sold,,,http://www.redfin.com/CT/Torrington/1517-Torringford-St-06790/home/107293422,Smart MLS,L10160602,N,Y,41.8305475,-73.078815
PAST SALE,December-15-2017,Single Family Residential,117 Country Club Rd,Torrington,CT,06790,165000,3,1.5,Torrington,1680,16117,1976,1403,98,,Sold,,,http://www.redfin.com/CT/Torrington/117-Country-Club-Rd-06790/home/107296250,Smart MLS,170013091,N,Y,41.8340228,-73.0846365
PAST SALE,December-15-2017,Condo/Co-op,119 Kinney St Unit 1A,Torrington,CT,06790,48000,1,1.0,Torrington,722,,1983,1403,66,175,Sold,,,http://www.redfin.com/CT/Torrington/119-Kinney-St-06790/unit-1A/home/107293307,Smart MLS,170027486,N,Y,41.8103783,-73.1145058
PAST SALE,June-26-2017,Single Family Residential,181 Torringford St,Winchester,CT,06098,170000,3,1.5,Winchester,2160,38332,1953,1575,79,,Sold,,,http://www.redfin.com/CT/Winsted/181-Torringford-St-06098/home/107608062,Smart MLS,L10215832,N,Y,41.9035381,-73.0610482
PAST SALE,September-26-2017,Condo/Co-op,22 Cannon Ridge Dr #22,Watertown,CT,06795,166500,3,2.0,Watertown,1340,,1986,1483,124,358,Sold,,,http://www.redfin.com/CT/Watertown/22-Cannon-Ridge-Dr-06795/unit-22/home/144527146,Smart MLS,W10196865,N,Y,41.594053,-73.127122
PAST SALE,April-7-2017,Vacant Land,18 Candlewood Cmn,New Milford,CT,06776,74000,,,Candlewood Lake,,30056,,1655,,,Sold,,,http://www.redfin.com/CT/New-Milford/18-Candlewood-Cmn-06776/home/107704593,Smart MLS,99149707,N,Y,41.5582962,-73.4451146
PAST SALE,June-29-2017,Condo/Co-op,101 Valley Dr #101,New Milford,CT,06776,98500,1,1.0,New Milford,746,,1986,1572,132,200,Sold,,,http://www.redfin.com/CT/New-Milford/101-Valley-Dr-06776/unit-101/home/148625624,Smart MLS,A10154358,N,Y,41.5672663,-73.4042951
PAST SALE,,Condo/Co-op,33 Canterbury Ct,New Milford,CT,06776,106500,1,1.0,,880,,1986,,121,,,,,http://www.redfin.com/CT/New-Milford/33-Canterbury-Ct-06776/home/107717789,,,N,Y,41.5876985,-73.4175239
PAST SALE,September-18-2017,Single Family Residential,2 Maplewood Dr,New Milford,CT,06776,370000,4,3.5,New Milford,2948,105415,1981,1491,126,,Sold,,,http://www.redfin.com/CT/New-Milford/2-Maplewood-Dr-06776/home/107692177,Smart MLS,99183280,N,Y,41.5653763,-73.3802409
PAST SALE,December-30-2016,Single Family Residential,28 Bunker Hill Rd,Cornwall,CT,06796,225000,2,1.0,West Cornwall,1338,108900,1870,1753,168,,Sold,,,http://www.redfin.com/CT/West-Cornwall/28-Bunker-Hill-Rd-06796/home/107276259,Smart MLS,L10116959,N,Y,41.8469399,-73.307922
PAST SALE,,Single Family Residential,175 Bantam Lake Rd,Morris,CT,06763,245000,3,2.5,,1340,90605,1974,,183,,,,,http://www.redfin.com/CT/Morris/175-Bantam-Lake-Rd-06763/home/107306229,,,N,Y,41.6943145,-73.2331558
PAST SALE,November-3-2016,Single Family Residential,84 Sandy Beach Rd,Goshen,CT,06756,280000,2,1.0,Goshen,1420,12632,1937,1810,197,,Sold,,,http://www.redfin.com/CT/Goshen/84-Sandy-Beach-Rd-06756/home/107317946,Smart MLS,L10159022,N,Y,41.8365916,-73.2574162
PAST SALE,November-28-2017,Single Family Residential,65 Eaton St,Watertown,CT,06779,245000,3,1.5,Oakville,1632,13503,1960,1420,150,,Sold,,,http://www.redfin.com/CT/Watertown/65-Eaton-St-06779/home/107308071,Smart MLS,170021438,N,Y,41.6015884,-73.0850976
PAST SALE,December-15-2017,Single Family Residential,277 Colonial St,Watertown,CT,06779,153000,3,1.5,Oakville,1489,52272,1910,1403,103,,Sold,,,http://www.redfin.com/CT/Oakville/277-Colonial-St-06779/home/107308252,Smart MLS,170003155,N,Y,41.585183,-73.0937201
PAST SALE,August-21-2017,Single Family Residential,15 Monroe St,Watertown,CT,06779,221000,4,3.5,Oakville,2676,8276,1991,1519,83,,Sold,,,http://www.redfin.com/CT/Watertown/15-Monroe-St-06779/home/107309493,Smart MLS,W10231210,N,Y,41.5962234,-73.0836229
PAST SALE,August-25-2017,Single Family Residential,67 Cedar Rdg,Watertown,CT,06779,330000,4,2.5,Oakville,2307,25264,1988,1515,143,,Sold,,,http://www.redfin.com/CT/Watertown/67-Cedar-Ridge-Dr-06779/home/107309775,Smart MLS,G10233140,N,Y,41.6028207,-73.0780081
PAST SALE,August-17-2017,Single Family Residential,159 Hamilton Ln,Watertown,CT,06795,205000,3,1.5,Watertown,1546,11325,1959,1523,133,,Sold,,,http://www.redfin.com/CT/Watertown/159-Hamilton-Ln-06795/home/107310467,Smart MLS,L10205492,N,Y,41.6000593,-73.1297742
PAST SALE,,Condo/Co-op,67 Cannon Ridge Dr,Watertown,CT,06795,184500,3,2.0,,1340,,1989,,138,,,,,http://www.redfin.com/CT/Watertown/67-Cannon-Ridge-Dr-06795/home/107315290,,,N,Y,41.593614,-73.129651
PAST SALE,September-29-2017,Single Family Residential,274 Claxton Ave,Watertown,CT,06795,390000,4,3.5,Watertown,2604,43560,2016,1480,150,,Sold,,,http://www.redfin.com/CT/Watertown/274-Claxton-Ave-06795/home/109752302,Smart MLS,W10237064,N,Y,41.61709,-73.124611
PAST SALE,,Multi-Family (2-4 Unit),25 Woodruff Ave,Watertown,CT,06795,157500,4,3.0,,3176,50965,2018,,50,,,,,http://www.redfin.com/CT/Watertown/25-Woodruff-Ave-06795/home/109753358,,,N,Y,41.600566,-73.118302
PAST SALE,May-25-2017,Single Family Residential,51 Pumpkin Hill Rd,New Milford,CT,06776,235000,2,1.0,New Milford,1185,43560,1955,1607,198,,Sold,,,http://www.redfin.com/CT/New-Milford/51-Pumpkin-Hill-Rd-06776/home/107704145,Smart MLS,99177379,N,Y,41.5413064,-73.4100788
PAST SALE,,Condo/Co-op,143 Pine Hill Rd Unit 12A,Thomaston,CT,06787,75000,2,1.5,,1088,,1986,,69,,,,,http://www.redfin.com/CT/Thomaston/143-Pine-Hill-Rd-06787/unit-12A/home/107270795,,,N,Y,41.6545206,-73.0824463
PAST SALE,March-24-2017,Single Family Residential,290 Richards Rd,New Hartford,CT,06057,345000,3,1.5,New Hartford,1333,1696226,1967,1669,259,,Sold,,,http://www.redfin.com/CT/New-Hartford/290-Richards-Rd-06057/home/143126320,Smart MLS,L10185818,N,Y,41.8405364,-73.0648082
